_id,Language,Box_office,Country,Rated,imdbID,Awards,Poster,Director,Released,Writer,imdbVotes,Runtime,Response,imdbRating,Title,Genre,Actors,Type,Metascore
56fb860e71a0651b0c306f55,English,"290,158,751",USA,PG,tt0080684,Won 1 Oscar. Another 15 wins & 18 nominations.,http://ia.media-imdb.com/images/M/MV5BMjE2MzQwMTgxN15BMl5BanBnXkFtZTcwMDQzNjk2OQ@@._V1_SX300.jpg,Irvin Kershner,20 Jun 1980,"Leigh Brackett (screenplay, Lawrence Kasdan (screenplay, George Lucas (story)","799,579",124 min,True,8.8,Star Wars: Episode V - The Empire Strikes Back,"Action, Adventure, Fantasy","Mark Hamill, Harrison Ford, Carrie Fisher, Billy Dee Williams",movie,79
56fb860e71a0651b0c306f56,English,"101,500,000",USA,R,tt0081562,1 nomination.,http://ia.media-imdb.com/images/M/MV5BMTM4OTI3MTYxNl5BMl5BanBnXkFtZTcwMTA1NDkyMQ@@._V1_SX300.jpg,Sidney Poitier,12 Dec 1980,Bruce Jay Friedman,"17,705",111 min,True,6.8,Stir Crazy,"Comedy, Crime","Gene Wilder, Richard Pryor, Georg Stanford Brown, JoBeth Williams",movie,50
56fb860e71a0651b0c306f57,English,"83,400,000",USA,PG,tt0080339,Nominated for 1 Golden Globe. Another 2 wins & 6 nominations.,http://ia.media-imdb.com/images/M/MV5BNDU2MjE4MTcwNl5BMl5BanBnXkFtZTgwNDExOTMxMDE@._V1_SX300.jpg,"Jim Abrahams, David Zucker, Jerry Zucker",02 Jul 1980,"Jim Abrahams (written for the screen by, David Zucker (written for the screen by, Jerry Zucker (written for the screen by)","154,994",88 min,True,7.8,Airplane!,Comedy,"Kareem Abdul-Jabbar, Lloyd Bridges, Peter Graves, Julie Hagerty",movie,N/A
56fb860e71a0651b0c306f58,English,,USA,PG,tt0080377,1 win.,http://ia.media-imdb.com/images/M/MV5BMTc5MTc5NTc3Nl5BMl5BanBnXkFtZTcwMDM3MDUyMQ@@._V1_SX300.jpg,Buddy Van Horn,17 Dec 1980,"Jeremy Joe Kronsberg (characters, Stanford Sherman","12,639",116 min,True,6.0,Any Which Way You Can,"Action, Comedy","Clint Eastwood, Sondra Locke, Geoffrey Lewis, William Smith",movie,N/A
56fb860e71a0651b0c306f59,English,"69,800,000",USA,R,tt0081375,Nominated for 3 Oscars. Another 1 win & 3 nominations.,http://ia.media-imdb.com/images/M/MV5BMjIyNjkxMjUyMF5BMl5BanBnXkFtZTgwMzU0MjEyMDE@._V1_SX300.jpg,Howard Zieff,10 Oct 1980,"Nancy Meyers, Charles Shyer, Harvey Miller","17,591",109 min,True,6.1,Private Benjamin,"Comedy, War","Goldie Hawn, Eileen Brennan, Armand Assante, Robert Webber",movie,N/A
56fb860e71a0651b0c306f5a,English,"79,900,000",USA,PG,tt0080549,Won 1 Oscar. Another 8 wins & 13 nominations.,http://ia.media-imdb.com/images/M/MV5BMTkwMjUxNTczNV5BMl5BanBnXkFtZTgwNjg2MDM0MDE@._V1_SX300.jpg,Michael Apted,07 Mar 1980,"Thomas Rickman (screenplay, Loretta Lynn (autobiography, George Vecsey (autobiography)","12,692",124 min,True,7.5,Coal Miner's Daughter,"Biography, Drama, Music","Sissy Spacek, Tommy Lee Jones, Levon Helm, Phyllis Boyens",movie,N/A
56fb860e71a0651b0c306f5b,"English, Spanish","66,100,000",USA,PG,tt0081529,1 win & 4 nominations.,http://ia.media-imdb.com/images/M/MV5BMTc3MjUwOTUyMl5BMl5BanBnXkFtZTcwNDk4NTcxMQ@@._V1_SX300.jpg,Hal Needham,15 Aug 1980,"Hal Needham (characters created by, Robert L. Levy (characters created by, Jerry Belson (screenplay, Brock Yates (screenplay, Michael Kane (story)","10,818",100 min,True,5.1,Smokey and the Bandit II,"Action, Comedy","Burt Reynolds, Jackie Gleason, Jerry Reed, Dom DeLuise",movie,N/A
56fb860e71a0651b0c306f5c,English,,USA,R,tt0080453,Nominated for 1 Oscar. Another 3 wins & 7 nominations.,http://ia.media-imdb.com/images/M/MV5BMTQwNTM5MDU2OF5BMl5BanBnXkFtZTgwNjI0OTgzMTE@._V1_SX300.jpg,Randal Kleiser,02 Jul 1980,"Henry De Vere Stacpoole (novel, Douglas Day Stewart","48,868",104 min,True,5.7,The Blue Lagoon,"Adventure, Drama, Romance","Brooke Shields, Christopher Atkins, Leo McKern, William Daniels",movie,N/A
56fb860e71a0651b0c306f5d,English,"54,200,000",USA,R,tt0080455,1 win.,http://ia.media-imdb.com/images/M/MV5BMTM1Mjk3OTQ0M15BMl5BanBnXkFtZTYwMDA4MTY5._V1_SX300.jpg,John Landis,20 Jun 1980,"Dan Aykroyd, John Landis","138,196",133 min,True,7.9,The Blues Brothers,"Action, Comedy, Crime","John Belushi, Dan Aykroyd, James Brown, Cab Calloway",movie,N/A
56fb860e71a0651b0c306f5e,English,"54,800,000",USA,R,tt0081283,Won 4 Oscars. Another 15 wins & 14 nominations.,http://ia.media-imdb.com/images/M/MV5BNTQwNTc4NzYxNl5BMl5BanBnXkFtZTgwMDEzMjEyMDE@._V1_SX300.jpg,Robert Redford,27 Feb 1981,"Judith Guest (novel, Alvin Sargent (screenplay)","34,021",124 min,True,7.8,Ordinary People,Drama,"Donald Sutherland, Mary Tyler Moore, Judd Hirsch, Timothy Hutton",movie,85
56fb860e71a0651b0c306f5f,English,"50,000,000",USA,PG,tt0081353,3 wins & 4 nominations.,http://ia.media-imdb.com/images/M/MV5BMTgzNjYyMTE4OV5BMl5BanBnXkFtZTcwODU0MDAwMQ@@._V1_SX300.jpg,Robert Altman,12 Dec 1980,"Jules Feiffer (screenplay, E.C. Segar (based on characters by)","23,315",114 min,True,5.2,Popeye,"Adventure, Comedy, Family","Robin Williams, Shelley Duvall, Ray Walston, Paul Dooley",movie,48
56fb860e71a0651b0c306f60,English,,USA,PG,tt0081696,Nominated for 2 Golden Globes. Another 4 nominations.,http://ia.media-imdb.com/images/M/MV5BMTM5OTk1NjkwMV5BMl5BanBnXkFtZTgwMzg0MjEyMDE@._V1_SX300.jpg,James Bridges,06 Jun 1980,"Aaron Latham (story, James Bridges (screenplay, Aaron Latham (screenplay)","9,810",132 min,True,6.2,Urban Cowboy,"Drama, Romance, Western","John Travolta, Debra Winger, Scott Glenn, Madolyn Smith Osborne",movie,N/A
56fb860e71a0651b0c306f61,English,,"USA, UK",R,tt0081505,3 wins & 5 nominations.,http://ia.media-imdb.com/images/M/MV5BODMxMjE3NTA4Ml5BMl5BanBnXkFtZTgwNDc0NTIxMDE@._V1_SX300.jpg,Stanley Kubrick,23 May 1980,"Stephen King (novel, Stanley Kubrick (screenplay, Diane Johnson (screenplay)","584,323",146 min,True,8.4,The Shining,"Drama, Horror","Jack Nicholson, Shelley Duvall, Danny Lloyd, Scatman Crothers",movie,61
56fb860e71a0651b0c306f62,"English, Spanish",,USA,PG,tt0081480,1 nomination.,http://ia.media-imdb.com/images/M/MV5BMjA4NDExODQ2NF5BMl5BanBnXkFtZTcwODQzNDkyMQ@@._V1_SX300.jpg,Jay Sandrich,19 Dec 1980,Neil Simon,"6,455",100 min,True,6.7,Seems Like Old Times,"Comedy, Romance","Goldie Hawn, Chevy Chase, Charles Grodin, Robert Guillaume",movie,N/A
56fb860e71a0651b0c306f63,English,,USA,R,tt0080520,1 nomination.,http://ia.media-imdb.com/images/M/MV5BMTMxOTk2MzYxOV5BMl5BanBnXkFtZTcwMDMyOTQyMQ@@._V1_SX300.jpg,Tommy Chong,18 Jul 1980,"Tommy Chong, Cheech Marin","8,777",99 min,True,6.1,Cheech and Chong's Next Movie,"Comedy, Crime, Sci-Fi","Cheech Marin, Tommy Chong, Evelyn Guerrero, Betty Kennedy",movie,N/A
56fb860e71a0651b0c306f64,English,"39,800,000",USA,R,tt0080487,1 nomination.,"http://ia.media-imdb.com/images/M/MV5BNzk2OTE2NjYxNF5BMl5BanBnXkFtZTYwMjYwNDQ5._V1._CR8,0,331,448_SY132_CR4,0,89,132_AL_.jpg_V1_SX300.jpg",Harold Ramis,25 Jul 1980,"Brian Doyle-Murray, Harold Ramis, Douglas Kenney","79,437",98 min,True,7.4,Caddyshack,"Comedy, Sport","Chevy Chase, Rodney Dangerfield, Ted Knight, Michael O'Keefe",movie,N/A
56fb860e71a0651b0c306f65,English,"37,100,000",USA,R,tt0080474,Nominated for 1 Oscar. Another 1 win.,http://ia.media-imdb.com/images/M/MV5BMTIyNTYwMzQ3OV5BMl5BanBnXkFtZTYwMjUzMjk5._V1_SX300.jpg,Stuart Rosenberg,20 Jun 1980,"W.D. Richter (screenplay, W.D. Richter (story, Arthur A. Ross (story, Thomas O. Murton (suggested by, Joe Hyams (suggested by)","11,235",131 min,True,7.1,Brubaker,Drama,"Robert Redford, Yaphet Kotto, Jane Alexander, Murray Hamilton",movie,N/A
56fb860e71a0651b0c306f66,English,,USA,R,tt0081060,1 nomination.,http://ia.media-imdb.com/images/M/MV5BMTc3Mzg3OTE5NV5BMl5BanBnXkFtZTgwOTczMjEyMDE@._V1_SX300.jpg,Ron Maxwell,21 Mar 1980,"Kimi Peck (screenplay, Dalene Young (screenplay, Kimi Peck (story)","3,701",96 min,True,6.4,Little Darlings,"Comedy, Drama","Tatum O'Neal, Kristy McNichol, Armand Assante, Matt Dillon",movie,N/A
56fb860e71a0651b0c306f67,English,"31,899,000",USA,X,tt0080661,Nominated for 1 Golden Globe. Another 1 win & 9 nominations.,http://ia.media-imdb.com/images/M/MV5BMTMzNjY0MDgxMV5BMl5BanBnXkFtZTcwMDE4NzQzNA@@._V1_SX300.jpg,Brian De Palma,25 Jul 1980,Brian De Palma,"22,959",105 min,True,7.1,Dressed to Kill,"Mystery, Thriller","Michael Caine, Angie Dickinson, Nancy Allen, Keith Gordon",movie,N/A
56fb860e71a0651b0c306f68,English,"27,118,000",USA,PG,tt0080948,Nominated for 3 Golden Globes. Another 3 wins & 7 nominations.,http://ia.media-imdb.com/images/M/MV5BMjA3OTQxOTI2OV5BMl5BanBnXkFtZTcwNjQ0MTEzMQ@@._V1_SX300.jpg,Richard Fleischer,19 Dec 1980,"Samson Raphaelson (play, Herbert Baker (screenplay, Stephen H. Foreman (adaptation)","2,881",115 min,True,5.7,The Jazz Singer,"Drama, Music, Romance","Neil Diamond, Laurence Olivier, Lucie Arnaz, Catlin Adams",movie,N/A
56fb860e71a0651b0c306f69,English,,"UK, USA",PG,tt0080745,Nominated for 2 BAFTA Film Awards. Another 2 wins & 9 nominations.,http://ia.media-imdb.com/images/M/MV5BMjE1OTU3ODAwMl5BMl5BanBnXkFtZTcwMzQ2NjczNA@@._V1_SX300.jpg,Mike Hodges,05 Dec 1980,"Lorenzo Semple Jr. (screenplay, Michael Allin (adaptation, Alex Raymond (based on the characters created by)","36,464",111 min,True,6.4,Flash Gordon,"Action, Adventure, Sci-Fi","Sam J. Jones, Melody Anderson, Max von Sydow, Topol",movie,63
56fb860e71a0651b0c306f6a,English,,"USA, UK",PG,tt0080678,Nominated for 8 Oscars. Another 10 wins & 14 nominations.,http://ia.media-imdb.com/images/M/MV5BMTExNTk0MjIzNDZeQTJeQWpwZ15BbWU3MDY5ODI5Nzg@._V1_SX300.jpg,David Lynch,10 Oct 1980,"Christopher De Vore (screenplay, Eric Bergren (screenplay, David Lynch (screenplay, Frederick Treves (book, Ashley Montagu (in part on the book \","156,572",124 min,True,8.2,The Elephant Man,"Biography, Drama","Anthony Hopkins, John Hurt, Anne Bancroft, John Gielgud",movie,N/A
56fb860e71a0651b0c306f6b,English,,USA,PG,tt0080472,1 nomination.,http://ia.media-imdb.com/images/M/MV5BMjA1ODM0NDcxNF5BMl5BanBnXkFtZTcwMDExNjcyMQ@@._V1_SX300.jpg,Clint Eastwood,11 Jun 1980,Dennis Hackin,"8,022",116 min,True,6.0,Bronco Billy,"Action, Adventure, Comedy","Clint Eastwood, Sondra Locke, Geoffrey Lewis, Scatman Crothers",movie,N/A
56fb860e71a0651b0c306f6c,English,"45,250",USA,R,tt0081398,Won 2 Oscars. Another 23 wins & 24 nominations.,http://ia.media-imdb.com/images/M/MV5BMjIxOTg3OTc5MF5BMl5BanBnXkFtZTcwNzkwNjMwNA@@._V1_SX300.jpg,Martin Scorsese,19 Dec 1980,"Jake LaMotta (based on the book by, Joseph Carter (with, Peter Savage (with, Paul Schrader (screenplay, Mardik Martin (screenplay)","227,469",129 min,True,8.3,Raging Bull,"Biography, Drama, Sport","Robert De Niro, Cathy Moriarty, Joe Pesci, Frank Vincent",movie,92
56fb860e71a0651b0c306f6d,English,"10,200,000",USA,PG,tt0081777,1 win & 9 nominations.,http://ia.media-imdb.com/images/M/MV5BMTczMjcyOTA0N15BMl5BanBnXkFtZTgwMDE5MTEyMDE@._V1_SX300.jpg,Robert Greenwald,08 Aug 1980,"Richard Christian Danus, Marc Reid Rubel","9,083",96 min,True,5.0,Xanadu,"Fantasy, Musical, Romance","Olivia Newton-John, Gene Kelly, Michael Beck, James Sloyan",movie,35
56fb860e71a0651b0c306f6e,"English, Swedish, French, German",,USA,R,tt0080365,N/A,http://ia.media-imdb.com/images/M/MV5BMTM2MTcyMjkxN15BMl5BanBnXkFtZTcwMTkyMzIyMQ@@._V1_SX300.jpg,Paul Schrader,01 Feb 1980,Paul Schrader,"15,583",117 min,True,6.2,American Gigolo,"Crime, Drama, Mystery","Richard Gere, Lauren Hutton, Hector Elizondo, Nina van Pallandt",movie,N/A
56fb860e71a0651b0c306f6f,English,,USA,PG,tt0081207,1 win & 2 nominations.,http://ia.media-imdb.com/images/M/MV5BMjA1MzEyMzY3MF5BMl5BanBnXkFtZTcwNDY4OTQ1MQ@@._V1_SX300.jpg,Tony Bill,26 Sep 1980,Alan Ormsby,"6,892",102 min,True,7.1,My Bodyguard,"Comedy, Drama, Family","Chris Makepeace, Adam Baldwin, Matt Dillon, Paul Quandt",movie,N/A
56fb860e71a0651b0c306f70,English,"21,378,000",USA,R,tt0080749,1 win & 2 nominations.,http://ia.media-imdb.com/images/M/MV5BMTMzNTk5MjQyM15BMl5BanBnXkFtZTcwODQxOTAzMQ@@._V1_SX300.jpg,John Carpenter,08 Feb 1980,"John Carpenter, Debra Hill","44,771",89 min,True,6.8,The Fog,"Fantasy, Horror","Adrienne Barbeau, Jamie Lee Curtis, Janet Leigh, John Houseman",movie,N/A
56fb860e71a0651b0c306f71,"English, Spanish","25,000,000",USA,R,tt0080360,Nominated for 2 Oscars. Another 1 win & 5 nominations.,http://ia.media-imdb.com/images/M/MV5BMjAzMTA1NDU1MF5BMl5BanBnXkFtZTcwMDUzODcxMQ@@._V1_SX300.jpg,Ken Russell,25 Dec 1980,"Paddy Chayefsky (written for the screen by, Paddy Chayefsky (novel)","23,123",102 min,True,6.9,Altered States,"Horror, Sci-Fi, Thriller","William Hurt, Blair Brown, Bob Balaban, Charles Haid",movie,N/A
56fb860e71a0651b0c306f72,English,,"USA, West Germany",R,tt0080569,5 nominations.,http://ia.media-imdb.com/images/M/MV5BMTI1NTA2MjI2OV5BMl5BanBnXkFtZTcwODEzODA1MQ@@._V1_SX300.jpg,William Friedkin,15 Feb 1980,"William Friedkin, Gerald Walker (novel)","12,562",102 min,True,6.4,Cruising,"Crime, Mystery, Thriller","Al Pacino, Paul Sorvino, Karen Allen, Richard Cox",movie,N/A
56fb860e71a0651b0c306f73,English,"18,971,000",USA,R,tt0081259,N/A,http://ia.media-imdb.com/images/M/MV5BMTY5NTIwMzU4MV5BMl5BanBnXkFtZTYwNjk1Mjg5._V1_SX300.jpg,Eric Karson,15 Aug 1980,"Paul Aaron (story, Leigh Chapman (screenplay, Leigh Chapman (story)","3,587",103 min,True,5.0,The Octagon,"Action, Drama, Romance","Chuck Norris, Karen Carlson, Lee Van Cleef, Art Hindle",movie,N/A
56fb860e71a0651b0c306f74,English,,USA,PG,tt0080888,Nominated for 1 Oscar. Another 1 win & 1 nomination.,http://ia.media-imdb.com/images/M/MV5BMTAxMDQzNDYyOTReQTJeQWpwZ15BbWU4MDQzMTYyMzEx._V1_SX300.jpg,Jerry Schatzberg,18 Jul 1980,"John Binder, Gustaf Molander (story, Carol Sobieski, Gosta Stevens (story, William D. Wittliff",792,119 min,True,6.2,Honeysuckle Rose,"Music, Romance, Drama","Willie Nelson, Dyan Cannon, Amy Irving, Slim Pickens",movie,N/A
56fb860e71a0651b0c306f75,"English, Spanish",,USA,G,tt0080861,2 nominations.,http://ia.media-imdb.com/images/M/MV5BMTI2NDA5MTMwM15BMl5BanBnXkFtZTYwMDk1Mjg5._V1_SX300.jpg,Vincent McEveety,25 Jun 1980,"Don Tait, Gordon Buford (characters creator)","3,731",100 min,True,4.8,Herbie Goes Bananas,"Adventure, Comedy, Family","Cloris Leachman, Charles Martin Smith, John Vernon, Stephen W. Burns",movie,N/A
56fb860e71a0651b0c306f76,English,,USA,PG,tt0081439,N/A,http://ia.media-imdb.com/images/M/MV5BMjE0MTAwODUyNF5BMl5BanBnXkFtZTYwODgwMTc4._V1_SX300.jpg,"Don Siegel, Peter R. Hunt",20 Jun 1980,"Larry Gelbart, Derek Lambert (novel)",726,112 min,True,5.6,Rough Cut,"Adventure, Comedy, Crime","Burt Reynolds, Lesley-Anne Down, David Niven, Timothy West",movie,N/A
56fb860e71a0651b0c306f77,"English, Japanese, Russian",,USA,PG,tt0080736,1 win & 2 nominations.,http://ia.media-imdb.com/images/M/MV5BMTY2MTk1NTMxNF5BMl5BanBnXkFtZTcwMjcxMDUyMQ@@._V1_SX300.jpg,Don Taylor,01 Aug 1980,"Thomas Hunter (story, Peter Powell (story, David Ambrose (story, David Ambrose (screenplay, Gerry Davis (screenplay, Thomas Hunter (screenplay, Peter Powell (screenplay)","15,638",103 min,True,6.7,The Final Countdown,"Action, Sci-Fi","Kirk Douglas, Martin Sheen, Katharine Ross, James Farentino",movie,N/A
56fb860e71a0651b0c306f78,English,,USA,PG,tt0080907,1 win.,http://ia.media-imdb.com/images/M/MV5BMjA4MjI2NDc4Ml5BMl5BanBnXkFtZTcwODA1MTUyMQ@@._V1_SX300.jpg,Buzz Kulik,01 Aug 1980,"Ted Leighton (screenplay, Peter Hyams (screenplay)","3,264",97 min,True,6.4,The Hunter,"Action, Biography, Comedy","Steve McQueen, Eli Wallach, Kathryn Harrold, LeVar Burton",movie,N/A
56fb860e71a0651b0c306f79,English,,USA,PG,tt0080863,N/A,http://ia.media-imdb.com/images/M/MV5BMTI4NjYyNzI3N15BMl5BanBnXkFtZTcwNDYyMTYyMQ@@._V1_SX300.jpg,Martin Davidson,08 Feb 1980,AJ Carothers,"1,029",98 min,True,6.2,Hero at Large,"Comedy, Romance","John Ritter, Anne Archer, Bert Convy, Kevin McCarthy",movie,N/A
56fb860e71a0651b0c306f7a,"English, Swedish",,USA,R,tt0081071,1 win & 1 nomination.,http://ia.media-imdb.com/images/M/MV5BMjE4NDk4MDMxN15BMl5BanBnXkFtZTcwMTkzNzA2NA@@._V1_SX300.jpg,Walter Hill,16 May 1980,"Bill Bryden, Steven Smith, Stacy Keach, James Keach","7,080",100 min,True,7.1,The Long Riders,Western,"David Carradine, Keith Carradine, Robert Carradine, James Keach",movie,N/A
56fb860e71a0651b0c306f7b,English,,USA,R,tt0080739,2 nominations.,http://ia.media-imdb.com/images/M/MV5BMjE0ODY1ODY4OF5BMl5BanBnXkFtZTYwODk1NTg5._V1_SX300.jpg,Buck Henry,25 Dec 1980,Buck Henry,407,97 min,True,4.0,First Family,Comedy,"Gilda Radner, Bob Newhart, Madeline Kahn, Richard Benjamin",movie,N/A
56fb860e71a0651b0c306f7c,English,,Canada,R,tt0081383,2 nominations.,http://ia.media-imdb.com/images/M/MV5BMTI4MzY1NDA5M15BMl5BanBnXkFtZTYwMDIyNzA5._V1_SX300.jpg,Paul Lynch,18 Jul 1980,"William Gray (screenplay, Robert Guza Jr. (story)","10,007",92 min,True,5.4,Prom Night,"Horror, Romance","Leslie Nielsen, Jamie Lee Curtis, Casey Stevens, Anne-Marie Martin",movie,N/A
56fb860e71a0651b0c306f7d,English,,USA,PG,tt0081249,1 nomination.,http://ia.media-imdb.com/images/M/MV5BMjA2NTM5NTc1NF5BMl5BanBnXkFtZTcwMDY4MDcxMQ@@._V1_SX300.jpg,Clive Donner,09 May 1980,"Mel Brooks (characters, Buck Henry (characters, Arne Sultan, Bill Dana, Leonard Stern","2,528",94 min,True,5.0,The Nude Bomb,"Comedy, Crime, Mystery","Don Adams, Sylvia Kristel, Rhonda Fleming, Dana Elcar",movie,N/A
56fb860e71a0651b0c306f7e,English,,USA,PG,tt0081268,1 win & 3 nominations.,http://ia.media-imdb.com/images/M/MV5BMjAxNjcxNTAwNl5BMl5BanBnXkFtZTgwNDU4MjMyMDE@._V1_SX300.jpg,Gilbert Cates,03 Oct 1980,"Josh Greenfeld (story, Josh Greenfeld (screenplay, Hal Goldman (screenplay, Fred S. Fox (screenplay, Seaman Jacobs (screenplay, Melissa Miller (screenplay, Avery Corman (novel)","1,648",94 min,True,5.1,"Oh, God! Book II","Comedy, Fantasy","George Burns, Suzanne Pleshette, David Birney, Louanne",movie,N/A
56fb860e71a0651b0c306f7f,English,,USA,PG,tt0080556,Nominated for 2 Oscars. Another 3 nominations.,http://ia.media-imdb.com/images/M/MV5BOTUzMDg4NDAyMl5BMl5BanBnXkFtZTgwNjU5MTEyMDE@._V1_SX300.jpg,Joel Oliansky,03 Dec 1980,"Joel Oliansky (screenplay, Joel Oliansky (story, William Sackheim (story)","1,410",123 min,True,6.7,The Competition,"Drama, Romance, Music","Richard Dreyfuss, Amy Irving, Lee Remick, Sam Wanamaker",movie,N/A
56fb860e71a0651b0c306f80,English,,USA,PG,tt0081751,N/A,http://ia.media-imdb.com/images/M/MV5BMjAwNjIwNzE2Ml5BMl5BanBnXkFtZTcwNjcyODUyMQ@@._V1_SX300.jpg,Gary Weis,13 Jun 1980,Guy Thomas,"1,427",103 min,True,4.2,Wholly Moses!,"Comedy, Fantasy, History","Dudley Moore, Laraine Newman, James Coco, Paul Sand",movie,N/A
56fb860e71a0651b0c306f81,English,,USA,R,tt0081032,N/A,http://ia.media-imdb.com/images/M/MV5BMTMzMDIxODc0NF5BMl5BanBnXkFtZTcwNjA0MTYyMQ@@._V1_SX300.jpg,Gilbert Cates,08 Feb 1980,John Herman Shaner,430,103 min,True,5.3,The Last Married Couple in America,Comedy,"George Segal, Natalie Wood, Richard Benjamin, Valerie Harper",movie,N/A
56fb860e71a0651b0c306f82,English,,USA,R,tt0081698,1 nomination.,http://ia.media-imdb.com/images/M/MV5BMTkyNTQxOTk2Ml5BMl5BanBnXkFtZTcwODc5MjIyMQ@@._V1_SX300.jpg,Robert Zemeckis,11 Jul 1980,"Robert Zemeckis, Bob Gale","10,385",113 min,True,6.8,Used Cars,Comedy,"Kurt Russell, Jack Warden, Gerrit Graham, Frank McRae",movie,N/A
56fb860e71a0651b0c306f83,English,,UK,PG,tt0081163,2 nominations.,http://ia.media-imdb.com/images/M/MV5BMjAxODY3OTExN15BMl5BanBnXkFtZTcwMzU2MDIyMQ@@._V1_SX300.jpg,Guy Hamilton,19 Dec 1980,"Jonathan Hales (screenplay, Barry Sandler (screenplay)","4,587",105 min,True,6.2,The Mirror Crack'd,"Crime, Mystery, Thriller","Angela Lansbury, Wendy Morgan, Margaret Courtenay, Charles Gray",movie,N/A
56fb860e71a0651b0c306f84,English,,USA,G,tt0081031,4 nominations.,http://ia.media-imdb.com/images/M/MV5BMjA2NzEzNDY3MV5BMl5BanBnXkFtZTcwMDY3NTYyMQ@@._V1_SX300.jpg,Charles Jarrott,25 Jun 1980,"Ernest K. Gann (story, Steven W. Carabatsos (screenplay, Sandy Glass (screenplay, George Arthur Bloom (screenplay)",795,97 min,True,5.8,The Last Flight of Noah's Ark,"Adventure, Family","Elliott Gould, Genevieve Bujold, Ricky Schroder, Vincent Gardenia",movie,N/A
56fb860e71a0651b0c306f85,English,,"USA, UK",PG,tt0080731,2 wins & 3 nominations.,http://ia.media-imdb.com/images/M/MV5BMTIxMzU4NTU2MV5BMl5BanBnXkFtZTYwMzM1NTg5._V1_SX300.jpg,"Piers Haggard, Richard Quine, Peter Sellers",08 Aug 1980,"Rudy Dochtermann (screenplay, Jim Moloney (screenplay, Sax Rohmer (novel)","1,548",100 min,True,4.9,The Fiendish Plot of Dr. Fu Manchu,Comedy,"Peter Sellers, Helen Mirren, David Tomlinson, Sid Caesar",movie,N/A
56fb860e71a0651b0c306f86,"English, French, Persian",,USA,PG,tt0081554,1 nomination.,"http://ia.media-imdb.com/images/M/MV5BMTYxOTExMDk0N15BMl5BanBnXkFtZTYwMjAzMjI5._V1._CR1,55,260,416_SX89_AL_.jpg_V1_SX300.jpg",Woody Allen,26 Sep 1980,Woody Allen,"15,830",89 min,True,7.5,Stardust Memories,"Comedy, Drama","Woody Allen, Charlotte Rampling, Jessica Harper, Marie-Christine Barrault",movie,N/A
56fb860e71a0651b0c306f87,English,,USA,R,tt0080881,N/A,http://ia.media-imdb.com/images/M/MV5BMjE3Njc2Njk5NF5BMl5BanBnXkFtZTcwNjMzMzAyMQ@@._V1_SX300.jpg,Floyd Mutrux,30 May 1980,"Floyd Mutrux (story, Richard Lederer (story, William Tennant (story, Floyd Mutrux (screenplay)","3,395",91 min,True,6.3,The Hollywood Knights,Comedy,"Julius Averitt, Steve Ballard, Phil Berle, Mike Binder",movie,N/A
56fb860e71a0651b0c306f88,English,,USA,R,tt0081485,N/A,http://ia.media-imdb.com/images/M/MV5BMTY1NDE0MDY1OF5BMl5BanBnXkFtZTYwNjU4OTg5._V1_SX300.jpg,Bill Persky,28 Mar 1980,"Cyra McFadden (novel, Rich Eustis (screenplay, Michael Elias (screenplay)",698,86 min,True,6.8,Serial,Comedy,"Martin Mull, Tuesday Weld, Jennifer McAllister, Sam Chew Jr.",movie,N/A
56fb860e71a0651b0c306f89,English,,USA,PG,tt0081534,Nominated for 1 Oscar. Another 6 wins & 3 nominations.,http://ia.media-imdb.com/images/M/MV5BMTI3MTI4MzE3MV5BMl5BanBnXkFtZTcwOTMzNzAwMQ@@._V1_SX300.jpg,Jeannot Szwarc,03 Oct 1980,"Richard Matheson (screenplay, Richard Matheson (novel)","20,479",103 min,True,7.3,Somewhere in Time,"Drama, Fantasy, Romance","Christopher Reeve, Jane Seymour, Christopher Plummer, Teresa Wright",movie,29
56fb860e71a0651b0c306f8a,English,,Canada,PG,tt0081656,Nominated for 1 Oscar. Another 2 wins & 13 nominations.,http://ia.media-imdb.com/images/M/MV5BMjE1ODcxMjY5NF5BMl5BanBnXkFtZTYwMTYwMTk5._V1_SX300.jpg,Bob Clark,19 Dec 1980,"Bernard Slade (play, Bernard Slade (screenplay)",477,121 min,True,6.3,Tribute,"Comedy, Drama","Jack Lemmon, Robby Benson, Lee Remick, Colleen Dewhurst",movie,N/A
56fb860e71a0651b0c306f8b,English,,UK,R,tt0079285,5 nominations.,http://ia.media-imdb.com/images/M/MV5BMTU3MTM4NTc1Nl5BMl5BanBnXkFtZTcwMzA0MjAwMQ@@._V1_SX300.jpg,"Stanley Donen, John Barry",15 Feb 1980,"Martin Amis (screenplay, John Barry (story)","5,967",96 min,True,5.0,Saturn 3,"Adventure, Sci-Fi, Thriller","Farrah Fawcett, Kirk Douglas, Harvey Keitel",movie,N/A
56fb860e71a0651b0c306f8c,"English, Spanish, German",,"West Germany, USA",R,tt0080754,Nominated for 1 Oscar. Another 6 nominations.,http://ia.media-imdb.com/images/M/MV5BMjEzMjMxODA0OF5BMl5BanBnXkFtZTYwMDA3NTg5._V1_SX300.jpg,John G. Avildsen,19 Dec 1980,"Steve Shagan (novel, Steve Shagan (screenplay)","1,832",117 min,True,5.6,The Formula,"Crime, Thriller","George C. Scott, Marlon Brando, Marthe Keller, John Gielgud",movie,N/A
56fb860e71a0651b0c306f8d,English,,UK,R,tt0080402,1 nomination.,http://ia.media-imdb.com/images/M/MV5BMTI1ODQxNTQxMl5BMl5BanBnXkFtZTcwNTY1NzIyMQ@@._V1_SX300.jpg,Mike Newell,31 Oct 1980,"Chris Bryant, Clive Exton, Allan Scott, Bram Stoker (novel)","1,379",101 min,True,4.9,The Awakening,Horror,"Charlton Heston, Susannah York, Jill Townsend, Stephanie Zimbalist",movie,N/A
56fb860e71a0651b0c306f8e,English,,USA,PG,tt0080724,1 win & 2 nominations.,http://ia.media-imdb.com/images/M/MV5BMTQ1NjA1NjI0NF5BMl5BanBnXkFtZTcwNTQxMTYyMQ@@._V1_SX300.jpg,Anne Bancroft,01 Feb 1980,Anne Bancroft,"1,376",93 min,True,6.2,Fatso,"Comedy, Drama, Romance","Dom DeLuise, Anne Bancroft, Ron Carey, Candice Azzara",movie,N/A
56fb860e71a0651b0c306f8f,English,,USA,R,tt0080756,2 nominations.,http://ia.media-imdb.com/images/M/MV5BMTM5MDg0ODg1M15BMl5BanBnXkFtZTcwOTIyMDgzNA@@._V1_SX300.jpg,Adrian Lyne,29 Feb 1980,Gerald Ayres,"2,989",106 min,True,6.1,Foxes,Drama,"Jodie Foster, Cherie Currie, Marilyn Kagan, Kandice Stroh",movie,N/A
56fb860e71a0651b0c306f90,"English, French, Italian, German",,USA,R,tt0080437,2 wins & 1 nomination.,http://ia.media-imdb.com/images/M/MV5BMTQxNzE5MTg0NF5BMl5BanBnXkFtZTgwNjI2MzgxMTE@._V1_SX300.jpg,Samuel Fuller,18 Jul 1980,Samuel Fuller,"15,076",113 min,True,7.2,The Big Red One,"Drama, War","Lee Marvin, Mark Hamill, Robert Carradine, Bobby Di Cicco",movie,77
56fb860e71a0651b0c306f91,English,,USA,R,tt0081568,Nominated for 3 Oscars. Another 4 wins & 8 nominations.,http://ia.media-imdb.com/images/M/MV5BMTM5NzQyNTI1MF5BMl5BanBnXkFtZTcwNTkzMjkyMw@@._V1_SX300.jpg,Richard Rush,27 Jun 1980,"Lawrence B. Marcus (screenplay, Richard Rush (adaptation, Paul Brodeur (novel)","6,739",131 min,True,7.3,The Stunt Man,"Action, Comedy, Drama","Peter O'Toole, Steve Railsback, Barbara Hershey, Allen Garfield",movie,N/A
56fb860e71a0651b0c306f92,English,,USA,R,tt0081748,N/A,http://ia.media-imdb.com/images/M/MV5BMTU1MDA2NzUyMV5BMl5BanBnXkFtZTcwNzU3NTcyMQ@@._V1_SX300.jpg,Art Linson,25 Apr 1980,"Hunter S. Thompson (stories, John Kaye (screenplay)","9,223",96 min,True,6.7,Where the Buffalo Roam,"Biography, Comedy","Peter Boyle, Bill Murray, Bruno Kirby, Rene Auberjonois",movie,N/A
56fb860e71a0651b0c306f93,English,,USA,R,tt0080808,N/A,http://ia.media-imdb.com/images/M/MV5BMTk5NzI3MjQ2Ml5BMl5BanBnXkFtZTYwNzYwNDc4._V1_SX300.jpg,Chuck Barris,23 May 1980,"Chuck Barris, Robert Downey Sr.",603,89 min,True,3.9,The Gong Show Movie,Comedy,"Robin Altman, Chuck Barris, Brian O'Mullin, Jack Bernardi",movie,N/A
56fb860e71a0651b0c306f94,English,,USA,R,tt0081184,1 nomination.,http://ia.media-imdb.com/images/M/MV5BNjk4Mzg1NjUwNV5BMl5BanBnXkFtZTcwMzY5NTk1NA@@._V1_SX300.jpg,Kevin Connor,24 Oct 1980,"Robert Jaffe, Steven-Charles Jaffe","6,500",101 min,True,6.0,Motel Hell,"Comedy, Horror, Thriller","Rory Calhoun, Paul Linke, Nancy Parsons, Nina Axelrod",movie,N/A
56fb860e71a0651b0c306f95,English,,USA,PG,tt0081063,1 nomination.,http://ia.media-imdb.com/images/M/MV5BMTQyMjQ3MzUzNF5BMl5BanBnXkFtZTYwOTY3ODk4._V1_SX300.jpg,Walter Bernstein,21 Mar 1980,"Damon Runyon (story, Walter Bernstein",979,103 min,True,6.3,Little Miss Marker,"Comedy, Drama, Romance","Walter Matthau, Julie Andrews, Tony Curtis, Bob Newhart",movie,N/A
56fb860e71a0651b0c306f96,English,,USA,PG,tt0081269,N/A,http://ia.media-imdb.com/images/M/MV5BMTY4MjE4NTg1NV5BMl5BanBnXkFtZTcwMTQ1MDAzMQ@@._V1_SX300.jpg,Joe Camp,11 Jul 1980,Rod Browning,"1,820",103 min,True,5.4,Oh Heavenly Dog,"Comedy, Crime, Fantasy","Chevy Chase, Benjean, Jane Seymour, Omar Sharif",movie,N/A
56fb860e71a0651b0c306f97,English,,USA,R,tt0080634,N/A,http://ia.media-imdb.com/images/M/MV5BMTM1ODMyMzIzNV5BMl5BanBnXkFtZTcwNjI5OTQyMQ@@._V1_SX300.jpg,Michael Ritchie,26 Sep 1980,"Jerry Blatt, Bette Midler, Bruce Vilanch",598,95 min,True,7.0,Divine Madness,"Documentary, Comedy, Music","Bette Midler, Jocelyn Brown, Ula Hedwig, Diva Gray",movie,N/A
56fb860e71a0651b0c306f98,English,,USA,R,tt0080850,N/A,http://ia.media-imdb.com/images/M/MV5BMTgxNDMxNzM3Nl5BMl5BanBnXkFtZTYwOTg1Mjg5._V1_SX300.jpg,Armand Mastroianni,29 Aug 1980,Scott Parker,"2,065",94 min,True,4.9,He Knows You're Alone,"Horror, Thriller","Don Scardino, Caitlin O'Heaney, Elizabeth Kemp, Tom Rolfing",movie,N/A
56fb860e71a0651b0c306f99,English,,USA,PG,tt0080550,2 nominations.,http://ia.media-imdb.com/images/M/MV5BMTI5MjQwOTE5MV5BMl5BanBnXkFtZTYwODk4MTk5._V1_SX300.jpg,Joseph Sargent,03 Oct 1980,Stanley Weiser,295,95 min,True,5.3,Coast to Coast,"Comedy, Drama, Romance","Dyan Cannon, Robert Blake, Quinn K. Redeker, Michael Lerner",movie,N/A
56fb860e71a0651b0c306f9a,English,,USA,R,tt0081758,N/A,http://ia.media-imdb.com/images/M/MV5BMjA2NjU3MTQwNl5BMl5BanBnXkFtZTYwNjU1MTk5._V1_SX300.jpg,Paul Mazursky,15 Aug 1980,Paul Mazursky,320,115 min,True,5.9,Willie & Phil,"Comedy, Drama, Romance","Michael Ontkean, Margot Kidder, Ray Sharkey, Jan Miner",movie,N/A
56fb860e71a0651b0c306f9b,English,,USA,R,tt0081150,Won 2 Oscars. Another 15 wins & 9 nominations.,http://ia.media-imdb.com/images/M/MV5BMTM4NzQ3NTk4NF5BMl5BanBnXkFtZTcwMDIzNDQyMQ@@._V1_SX300.jpg,Jonathan Demme,19 Sep 1980,Bo Goldman,"3,387",95 min,True,6.9,Melvin and Howard,"Comedy, Drama","Jason Robards, Paul Le Mat, Elizabeth Cheshire, Mary Steenburgen",movie,N/A
56fb860e71a0651b0c306f9c,English,,USA,PG,tt0081433,1 win & 1 nomination.,http://ia.media-imdb.com/images/M/MV5BMTYzMDI0Nzk4Ml5BMl5BanBnXkFtZTYwNzI1NDg5._V1_SX300.jpg,Alan Rudolph,13 Jun 1980,"Big Boy Medlin (story, Michael Ventura (story, Zalman King (story, Alan Rudolph (story, Big Boy Medlin (screenplay, Michael Ventura (screenplay)",849,106 min,True,5.1,Roadie,"Comedy, Musical","Meat Loaf, Kaki Hunter, Art Carney, Gailard Sartain",movie,N/A
56fb860e71a0651b0c306f9d,English,,USA,PG,tt0080798,Nominated for 1 Oscar. Another 4 wins & 2 nominations.,http://ia.media-imdb.com/images/M/MV5BMjA2MTQyMTIzM15BMl5BanBnXkFtZTcwNDczODMyMQ@@._V1_SX300.jpg,John Cassavetes,01 Oct 1980,John Cassavetes,"5,834",123 min,True,7.1,Gloria,"Crime, Drama, Thriller","Julie Carmen, Tony Knesich, Gregory Cleghorne, Buck Henry",movie,N/A
56fb860e71a0651b0c306f9e,Japanese,,"Japan, USA",PG,tt0080979,Nominated for 2 Oscars. Another 20 wins & 3 nominations.,"http://ia.media-imdb.com/images/M/MV5BMTU4NDc5Mjk5OF5BMl5BanBnXkFtZTcwMDkyNjcyMQ@@._V1._CR13,27,286,392_SY132_CR3,0,89,132_AL_.jpg_V1_SX300.jpg",Akira Kurosawa,10 Oct 1980,"Masato Ide, Akira Kurosawa","22,867",162 min,True,8.0,Kagemusha,"Drama, History, War","Tatsuya Nakadai, Tsutomu Yamazaki, Ken'ichi Hagiwara, Jinpachi Nezu",movie,N/A
56fb860e71a0651b0c306f9f,English,,USA,PG,tt0081414,Nominated for 2 Oscars. Another 3 wins & 6 nominations.,http://ia.media-imdb.com/images/M/MV5BMjEyNDQyNjU4Nl5BMl5BanBnXkFtZTcwMjMzMDAyMw@@._V1_SX300.jpg,Daniel Petrie,26 Sep 1980,Lewis John Carlino,"2,119",103 min,True,7.4,Resurrection,"Drama, Fantasy","Ellen Burstyn, Sam Shepard, Richard Farnsworth, Roberts Blossom",movie,N/A
56fb860e71a0651b0c306fa0,English,,USA,PG,tt0080868,N/A,http://ia.media-imdb.com/images/M/MV5BMTIwNDU4NjYwMl5BMl5BanBnXkFtZTYwMTk1Mjg5._V1_SX300.jpg,James Caan,21 Mar 1980,"Leslie Waller (book, Spencer Eastman (screenplay)",460,92 min,True,6.3,Hide in Plain Sight,Drama,"James Caan, Jill Eikenberry, Robert Viharo, Joe Grifasi",movie,N/A
56fb860e71a0651b0c306fa1,English,"1,700,000","Canada, USA",PG,tt0081747,N/A,http://ia.media-imdb.com/images/M/MV5BMTU3ODA2OTY2OV5BMl5BanBnXkFtZTcwMzA4MTQyMQ@@._V1_SX300.jpg,James Goldstone,28 Mar 1980,Gordon Thomas (based on the novel \,"1,902",121 min,True,4.3,When Time Ran Out...,"Action, Adventure, Drama","Paul Newman, Jacqueline Bisset, William Holden, Edward Albert",movie,N/A
56fb860e71a0651b0c306fa2,"English, Russian, French, Polish, German","1,500,000",USA,R,tt0080855,Nominated for 1 Oscar. Another 2 wins & 8 nominations.,http://ia.media-imdb.com/images/M/MV5BMjAxNDE5MzQ5M15BMl5BanBnXkFtZTcwNTk3MTE3NA@@._V1_SX300.jpg,Michael Cimino,19 Nov 1980,Michael Cimino,"9,324",325 min,True,6.7,Heaven's Gate,"Adventure, Drama, Western","Kris Kristofferson, Christopher Walken, John Hurt, Sam Waterston",movie,N/A
56fb860e71a0651b0c306fa3,English,,USA,PG,tt0081159,N/A,http://ia.media-imdb.com/images/M/MV5BMjE1NzMxNDQ5NV5BMl5BanBnXkFtZTcwMTk1NzQyMQ@@._V1_SX300.jpg,"Michael Nankin, David Wechter",08 Feb 1980,"David Wechter, Michael Nankin","2,458",112 min,True,6.5,Midnight Madness,"Family, Comedy","David Naughton, Debra Clinger, David Damas, Michael J. Fox",movie,N/A
56fb860e71a0651b0c306fa4,English,,USA,PG,tt0081080,N/A,http://ia.media-imdb.com/images/M/MV5BMTc4OTA1NTk0OF5BMl5BanBnXkFtZTcwNDgwNjkzMQ@@._V1_SX300.jpg,Jack Smight,24 Oct 1980,Martin Donovan (screenplay),240,97 min,True,5.2,Loving Couples,Comedy,"Shirley MacLaine, James Coburn, Susan Sarandon, Stephen Collins",movie,N/A
56fb860e71a0651b0c306fa5,English,,USA,PG,tt0080913,Won 1 Golden Globe. Another 2 nominations.,http://ia.media-imdb.com/images/M/MV5BMTkxMjAwMzU5OF5BMl5BanBnXkFtZTcwODgzNzA2NA@@._V1_SX300.jpg,Taylor Hackford,14 Nov 1980,Edward Di Lorenzo,922,117 min,True,6.9,The Idolmaker,"Biography, Drama, Music","Ray Sharkey, Tovah Feldshuh, Peter Gallagher, Paul Land",movie,N/A
56fb860e71a0651b0c306fa6,English,,USA,PG,tt0080442,1 win.,http://ia.media-imdb.com/images/M/MV5BMTc1MDM2Nzk5OF5BMl5BanBnXkFtZTYwMDg1Mjg5._V1_SX300.jpg,Harold Becker,07 Mar 1980,"Joseph Wambaugh (novel, Joseph Wambaugh (screenplay)",393,113 min,True,6.3,The Black Marble,"Crime, Romance, Comedy","Robert Foxworth, Paula Prentiss, Harry Dean Stanton, Barbara Babcock",movie,N/A
56fb860e71a0651b0c306fa7,English,,USA,R,tt0080790,N/A,http://ia.media-imdb.com/images/M/MV5BOTI1NTk3OTQxNl5BMl5BanBnXkFtZTYwNzM5NTg5._V1_SX300.jpg,"Mike Nichols, Lorne Michaels",28 Mar 1980,"Anne Beatts, Lorne Michaels, Marilyn Suzanne Miller, Don Novello, Michael O'Donoghue, Gilda Radner, Paul Shaffer, Rosie Shuster, Alan Zweibel",373,96 min,True,7.0,Gilda Live,"Comedy, Documentary","Gilda Radner, Don Novello, Paul Shaffer, Nils Nichols",movie,N/A
56fb860e71a0651b0c306fa8,English,,USA,R,tt0081759,6 nominations.,http://ia.media-imdb.com/images/M/MV5BMTIzMDk2OTY1Nl5BMl5BanBnXkFtZTYwNzY1MTk5._V1_SX300.jpg,Gordon Willis,18 Jan 1980,Barry Siegel,301,96 min,True,4.4,Windows,"Drama, Thriller","Talia Shire, Joe Cortese, Elizabeth Ashley, Kay Medford",movie,N/A
56fb860e71a0651b0c306fa9,English,,USA,R,tt0080975,1 win & 1 nomination.,http://ia.media-imdb.com/images/M/MV5BMTI1MjAzNjI4MV5BMl5BanBnXkFtZTYwODUwNzg5._V1_SX300.jpg,Sidney Lumet,18 Jan 1980,"Jay Presson Allen (novel, Jay Presson Allen (screenplay)",384,112 min,True,5.7,Just Tell Me What You Want,"Comedy, Romance","Ali MacGraw, Alan King, Myrna Loy, Keenan Wynn",movie,N/A
56fb860e71a0651b0c306faa,"English, French",,USA,G,tt0080461,N/A,http://ia.media-imdb.com/images/M/MV5BMTIyNjc2NTMyMl5BMl5BanBnXkFtZTYwNjI1Mjk5._V1_SX300.jpg,"Bill Melendez, Phil Roman",30 May 1980,Charles M. Schulz (comic strip \,"1,960",75 min,True,7.4,"Bon Voyage, Charlie Brown (and Don't Come Back!!)","Animation, Comedy, Family","Daniel Anderson, Scott Beach, Casey Carlson, Debbie Muller",movie,N/A
56fb860e71a0651b0c306fab,English,,USA,R,tt0080500,N/A,http://ia.media-imdb.com/images/M/MV5BMTMyNDUwNzQ2MF5BMl5BanBnXkFtZTcwNjEwOTIxMw@@._V1_SX300.jpg,Robert Kaylor,23 May 1980,"Phoebe Kaylor (story, Robert Kaylor (story, Robbie Robertson (story, Thomas Baum (screenplay)","1,397",107 min,True,6.5,Carny,Drama,"Gary Busey, Jodie Foster, Robbie Robertson, Meg Foster",movie,N/A
56fb860e71a0651b0c306fac,English,,USA,PG,tt0081753,2 nominations.,N/A,Larry Peerce,08 Aug 1980,"Hollis Hodges (novel, Peter Stone",179,105 min,True,6.5,Why Would I Lie?,"Comedy, Drama","Treat Williams, Lisa Eichhorn, Gabriel Macht, Susan Heldfond",movie,N/A
56fb860e71a0651b0c306fad,English,,USA,R,tt0081235,N/A,http://ia.media-imdb.com/images/M/MV5BMTc3NjQ5OTk3OF5BMl5BanBnXkFtZTYwMTI1ODg5._V1_SX300.jpg,Herbert Ross,21 Mar 1980,"Hugh Wheeler (screenplay, Romola Nijinsky (book, Vaslav Nijinsky (diary)",494,129 min,True,6.8,Nijinsky,"Biography, Drama, Music","Alan Bates, George De La Pena, Leslie Browne, Alan Badel",movie,N/A
56fb860e71a0651b0c306fae,English,,USA,R,tt0080854,N/A,http://ia.media-imdb.com/images/M/MV5BMTY1ODQxMTY3MV5BMl5BanBnXkFtZTYwOTYzNjg5._V1_SX300.jpg,John Byrum,24 Sep 1980,John Byrum,399,110 min,True,6.0,Heart Beat,Drama,"Nick Nolte, Sissy Spacek, John Heard, Ray Sharkey",movie,N/A
56fb860e71a0651b0c306faf,English,,USA,R,tt0081280,1 nomination.,http://ia.media-imdb.com/images/M/MV5BMTQxOTM4NDI2M15BMl5BanBnXkFtZTgwMjE0MjEyMDE@._V1_SX300.jpg,Robert M. Young,03 Oct 1980,Paul Simon,459,98 min,True,5.8,One-Trick Pony,Drama,"Paul Simon, Blair Brown, Rip Torn, Joan Hackett",movie,N/A
56fb860e71a0651b0c306fb0,English,,USA,R,tt0081625,N/A,http://ia.media-imdb.com/images/M/MV5BMTU3NjU5NTY4N15BMl5BanBnXkFtZTYwNDQ4MDk5._V1_SX300.jpg,Michael Pressman,15 Aug 1980,David Shaber,192,105 min,True,6.7,"Those Lips, Those Eyes","Comedy, Romance","Frank Langella, Glynnis O'Connor, Tom Hulce, Jerry Stiller",movie,N/A
56fb860e71a0651b0c306fb1,English,,USA,R,tt0081528,N/A,http://ia.media-imdb.com/images/M/MV5BMjEzOTEzODU3OF5BMl5BanBnXkFtZTcwMjgyOTUyMQ@@._V1_SX300.jpg,Rob Cohen,09 Oct 1980,Ezra Sacks,321,113 min,True,6.0,A Small Circle of Friends,Drama,"Brad Davis, Karen Allen, Jameson Parker, Shelley Long",movie,N/A
56fb860e71a0651b0c306fb2,English,,USA,PG,tt0081044,N/A,http://ia.media-imdb.com/images/M/MV5BMjEzMDIzNDUwOV5BMl5BanBnXkFtZTYwNTg4NTEz._V1_SX300.jpg,Jerry Paris,01 Apr 1980,James Ritz,38,97 min,True,5.2,Leo and Loree,"Romance, Comedy","Don Most, Linda Purl, David Huffman, Jerry Paris",movie,N/A
56fb860e71a0651b0c306fb3,English,,USA,PG,tt0079302,N/A,http://ia.media-imdb.com/images/M/MV5BMjEyMjU2MTA1Nl5BMl5BanBnXkFtZTcwMzQ3OTAyMQ@@._V1_SX300.jpg,Brian De Palma,10 Apr 1980,"Kim Ambler, Brian De Palma (story, Dana Edelman, Robert Harders, Stephen Le May, Charlie Loventhal, Gloria Norris",516,90 min,True,5.3,Home Movies,Comedy,"Nancy Allen, Mary Davenport, Kirk Douglas, Vincent Gardenia",movie,N/A
56fb860e71a0651b0c306fb4,English,,"Canada, USA",R,tt0081334,1 nomination.,http://ia.media-imdb.com/images/M/MV5BMTc4NzQ2MzA3N15BMl5BanBnXkFtZTYwNDc5ODg5._V1_SX300.jpg,John Huston,09 Sep 1980,"Gary Sherman (story, Ronald Shusett (story, Lew Lehman, Jimmy Sangster, Peter Bellwood",295,94 min,True,3.6,Phobia,"Drama, Horror, Thriller","Paul Michael Glaser, Susan Hogan, John Colicos, David Bolt",movie,N/A
56fb860e71a0651b0c306fb5,English,,UK,PG,tt0080469,1 nomination.,http://ia.media-imdb.com/images/M/MV5BMTUzODkwMTEzMF5BMl5BanBnXkFtZTcwMjc4MTgxMQ@@._V1_SX300.jpg,Brian Gibson,01 Sep 1980,Brian Gibson,839,104 min,True,7.0,Breaking Glass,"Drama, Musical","Phil Daniels, Hazel O'Connor, Jon Finch, Jonathan Pryce",movie,N/A
