_id,imdbVotes,Type,Response,Language,Title,Box_office,Country,Rated,Runtime,imdbRating,Metascore,Actors,imdbID,Writer,Released,Director,Genre,Poster,Awards
56fb997a71a06517682a2c60,"699,256",movie,True,English,Back to the Future,,USA,PG,116 min,8.5,86,"Michael J. Fox, Christopher Lloyd, Lea Thompson, Crispin Glover",tt0088763,"Robert Zemeckis, Bob Gale",03 Jul 1985,Robert Zemeckis,"Adventure, Comedy, Sci-Fi",http://ia.media-imdb.com/images/M/MV5BMjA5NTYzMDMyM15BMl5BanBnXkFtZTgwNjU3NDU2MTE@._V1_SX300.jpg,Won 1 Oscar. Another 18 wins & 25 nominations.
56fb997a71a06517682a2c61,"113,741",movie,True,"English, Vietnamese",Rambo: First Blood Part II,"150,415,432",USA,R,96 min,6.4,N/A,"Sylvester Stallone, Richard Crenna, Charles Napier, Steven Berkoff",tt0089880,"David Morrell (characters, Kevin Jarre (story, Sylvester Stallone (screenplay, James Cameron (screenplay)",22 May 1985,George P. Cosmatos,"Action, Adventure, Thriller",http://ia.media-imdb.com/images/M/MV5BMTc5NTAxNjE4Nl5BMl5BanBnXkFtZTcwOTg2MDcyMQ@@._V1_SX300.jpg,Nominated for 1 Oscar. Another 5 wins & 4 nominations.
56fb997a71a06517682a2c62,"128,728",movie,True,"English, Russian",Rocky IV,"127,900,000",USA,PG,91 min,6.7,42,"Sylvester Stallone, Talia Shire, Burt Young, Carl Weathers",tt0089927,Sylvester Stallone,27 Nov 1985,Sylvester Stallone,"Drama, Sport",http://ia.media-imdb.com/images/M/MV5BMTg3ODk5ODE0NV5BMl5BanBnXkFtZTcwNDkzODM1NA@@._V1_SX300.jpg,9 wins & 5 nominations.
56fb997a71a06517682a2c63,"59,267",movie,True,English,The Color Purple,"94,175,854",USA,PG-13,154 min,7.8,N/A,"Danny Glover, Whoopi Goldberg, Margaret Avery, Oprah Winfrey",tt0088939,"Alice Walker (novel, Menno Meyjes (screenplay)",07 Feb 1986,Steven Spielberg,Drama,http://ia.media-imdb.com/images/M/MV5BMTUzOTkxNjY4M15BMl5BanBnXkFtZTgwNjE5MDgxMTE@._V1_SX300.jpg,Nominated for 11 Oscars. Another 13 wins & 13 nominations.
56fb997a71a06517682a2c64,"50,396",movie,True,"English, Swahili",Out of Africa,"87,100,000","USA, UK",PG,161 min,7.2,N/A,"Meryl Streep, Robert Redford, Klaus Maria Brandauer, Michael Kitchen",tt0089755,Karen Blixen (based upon: \,20 Dec 1985,Sydney Pollack,"Biography, Drama, Romance",http://ia.media-imdb.com/images/M/MV5BNjg0ODYyMjk0MV5BMl5BanBnXkFtZTgwNzc2OTgzMTE@._V1_SX300.jpg,Won 7 Oscars. Another 22 wins & 28 nominations.
56fb997a71a06517682a2c65,"43,583",movie,True,English,Cocoon,"76,100,000",USA,PG-13,117 min,6.6,N/A,"Don Ameche, Wilford Brimley, Hume Cronyn, Brian Dennehy",tt0088933,"Tom Benedek (screenplay, David Saperstein (story)",21 Jun 1985,Ron Howard,Sci-Fi,http://ia.media-imdb.com/images/M/MV5BMTc5MjAzMDYxM15BMl5BanBnXkFtZTcwMjE0OTUyMQ@@._V1_SX300.jpg,Won 2 Oscars. Another 3 wins & 11 nominations.
56fb997a71a06517682a2c66,"38,412",movie,True,"English, Arabic",The Jewel of the Nile,"65,600,000",USA,PG,106 min,6.1,N/A,"Michael Douglas, Kathleen Turner, Danny DeVito, Spiros Focás",tt0089370,"Mark Rosenthal, Lawrence Konner, Diane Thomas (characters)",11 Dec 1985,Lewis Teague,"Action, Adventure, Comedy",http://ia.media-imdb.com/images/M/MV5BMTkwNTEyMDE5NV5BMl5BanBnXkFtZTYwNTAyMTU5._V1_SX300.jpg,N/A
56fb997a71a06517682a2c67,"64,910",movie,True,"English, German",Witness,"65,500,000",USA,R,112 min,7.4,76,"Harrison Ford, Kelly McGillis, Josef Sommer, Lukas Haas",tt0090329,"William Kelley (story, Pamela Wallace (story, Earl W. Wallace (story, Earl W. Wallace (screenplay, William Kelley (screenplay)",08 Feb 1985,Peter Weir,"Crime, Drama, Romance",http://ia.media-imdb.com/images/M/MV5BMjE4ODQ2MTI3MV5BMl5BanBnXkFtZTcwMzk1ODAwMQ@@._V1_SX300.jpg,Won 2 Oscars. Another 10 wins & 26 nominations.
56fb997a71a06517682a2c68,"172,016",movie,True,"English, Spanish, Cantonese, Italian",The Goonies,"61,400,000",USA,PG,114 min,7.8,60,"Sean Astin, Josh Brolin, Jeff Cohen, Corey Feldman",tt0089218,"Steven Spielberg (story, Chris Columbus (screenplay)",07 Jun 1985,Richard Donner,"Adventure, Comedy, Family",http://ia.media-imdb.com/images/M/MV5BMTEyMzM3NDQyMjJeQTJeQWpwZ15BbWU4MDE4ODY0NjEx._V1_SX300.jpg,2 wins & 6 nominations.
56fb997a71a06517682a2c69,"33,535",movie,True,"English, Russian",Spies Like Us,"60,100,000",USA,PG,102 min,6.4,N/A,"Chevy Chase, Dan Aykroyd, Steve Forrest, Donna Dixon",tt0090056,"Dan Aykroyd (story, Dave Thomas (story, Dan Aykroyd (screenplay, Lowell Ganz (screenplay, Babaloo Mandel (screenplay)",06 Dec 1985,John Landis,"Adventure, Comedy",http://ia.media-imdb.com/images/M/MV5BMTc1MDQ5MTA1OV5BMl5BanBnXkFtZTgwMzE2MzQxMDE@._V1_SX300.jpg,N/A
56fb997a71a06517682a2c6a,"37,365",movie,True,English,Police Academy 2: Their First Assignment,"55,500,000",USA,PG-13,87 min,5.6,N/A,"Steve Guttenberg, Bubba Smith, David Graf, Michael Winslow",tt0089822,"Neal Israel (characters created by, Pat Proft (characters created by, Barry W. Blaustein, David Sheffield",29 Mar 1985,Jerry Paris,Comedy,http://ia.media-imdb.com/images/M/MV5BMTc5NDQ4OTM0Ml5BMl5BanBnXkFtZTYwMDA2MjQ5._V1_SX300.jpg,1 win.
56fb997a71a06517682a2c6b,"36,607",movie,True,English,Fletch,"46,700,000",USA,PG,98 min,6.9,N/A,"Chevy Chase, Joe Don Baker, Dana Wheeler-Nicholson, Richard Libertini",tt0089155,"Gregory McDonald (novel, Andrew Bergman (screenplay)",31 May 1985,Michael Ritchie,"Comedy, Crime, Mystery",http://ia.media-imdb.com/images/M/MV5BMTQ5ODU5MzU0OV5BMl5BanBnXkFtZTcwNzM1MzI0MQ@@._V1_SX300.jpg,1 nomination.
56fb997a71a06517682a2c6c,"66,467",movie,True,English,A View to a Kill,"50,300,000",UK,PG,131 min,6.3,N/A,"Roger Moore, Christopher Walken, Tanya Roberts, Grace Jones",tt0090264,"Richard Maibaum (screenplay, Michael G. Wilson (screenplay)",24 May 1985,John Glen,"Action, Adventure, Thriller",http://ia.media-imdb.com/images/M/MV5BMTMwMTYzOTIwM15BMl5BanBnXkFtZTcwODY5MDg0NA@@._V1_SX300.jpg,Nominated for 1 Golden Globe. Another 2 wins & 4 nominations.
56fb997a71a06517682a2c6d,"41,122",movie,True,"English, Italian, German, French",European Vacation,"49,400,000",USA,PG-13,95 min,6.1,N/A,"Chevy Chase, Beverly D'Angelo, Dana Hill, Jason Lively",tt0089670,"John Hughes (screenplay, John Hughes (story, Robert Klane (screenplay)",26 Jul 1985,Amy Heckerling,Comedy,http://ia.media-imdb.com/images/M/MV5BMTU2Nzg1ODM0MF5BMl5BanBnXkFtZTcwMTM5OTMyMQ@@._V1_SX300.jpg,1 win & 1 nomination.
56fb997a71a06517682a2c6e,"20,177",movie,True,English,Mask,"42,400,000",USA,R,120 min,7.2,N/A,"Cher, Sam Elliott, Eric Stoltz, Estelle Getty",tt0089560,Anna Hamilton Phelan,22 Mar 1985,Peter Bogdanovich,"Biography, Drama",http://ia.media-imdb.com/images/M/MV5BMTcxOTgzNTg0Nl5BMl5BanBnXkFtZTgwOTYyMzcxMTE@._V1_SX300.jpg,Won 1 Oscar. Another 2 wins & 6 nominations.
56fb997a71a06517682a2c6f,"245,146",movie,True,English,The Breakfast Club,"38,100,000",USA,R,97 min,7.9,62,"Emilio Estevez, Paul Gleason, Anthony Michael Hall, John Kapelos",tt0088847,John Hughes,15 Feb 1985,John Hughes,"Comedy, Drama",http://ia.media-imdb.com/images/M/MV5BMzYyNTQ1Nzk2M15BMl5BanBnXkFtZTcwODk0NTQyMQ@@._V1_SX300.jpg,1 win.
56fb997a71a06517682a2c70,"5,121",movie,True,"English, Russian",White Nights,"13,046,465",USA,PG-13,136 min,6.6,46,"Mikhail Baryshnikov, Gregory Hines, Jerzy Skolimowski, Helen Mirren",tt0090319,"James Goldman (screenplay, Eric Hughes (screenplay, James Goldman (story)",06 Dec 1985,Taylor Hackford,Drama,http://ia.media-imdb.com/images/M/MV5BNDYzNDM4MzY2Nl5BMl5BanBnXkFtZTcwNzA0MjA0MQ@@._V1_SX300.jpg,Won 1 Oscar. Another 2 wins & 2 nominations.
56fb997a71a06517682a2c71,"38,100",movie,True,English,Pale Rider,"41,400,000",USA,R,115 min,7.3,N/A,"Clint Eastwood, Michael Moriarty, Carrie Snodgress, Chris Penn",tt0089767,"Michael Butler, Dennis Shryack",28 Jun 1985,Clint Eastwood,Western,http://ia.media-imdb.com/images/M/MV5BMjE3NDk1MzI0Nl5BMl5BanBnXkFtZTYwMTQ2NjA5._V1_SX300.jpg,2 wins & 1 nomination.
56fb997a71a06517682a2c72,"40,277",movie,True,English,Pee-wee's Big Adventure,"40,900,000",USA,PG,91 min,7.0,47,"Paul Reubens, Elizabeth Daily, Mark Holton, Diane Salinger",tt0089791,"Phil Hartman, Paul Reubens, Michael Varhol",09 Aug 1985,Tim Burton,"Adventure, Comedy, Family",http://ia.media-imdb.com/images/M/MV5BMjEyMjI3MjAxMF5BMl5BanBnXkFtZTYwOTMxNzk4._V1_SX300.jpg,1 win & 2 nominations.
56fb997a71a06517682a2c73,"27,482",movie,True,English,Brewster's Millions,"38,800,000",USA,PG,102 min,6.5,N/A,"Richard Pryor, John Candy, Lonette McKee, Stephen Collins",tt0088850,"George Barr McCutcheon (based on the novel by, Herschel Weingrod (screenplay, Timothy Harris (screenplay)",22 May 1985,Walter Hill,Comedy,http://ia.media-imdb.com/images/M/MV5BMjAzOTE2MzA2NF5BMl5BanBnXkFtZTYwMTM0NTg4._V1_SX300.jpg,N/A
56fb997a71a06517682a2c74,"9,954",movie,True,English,Jagged Edge,"40,500,000",USA,R,108 min,6.4,N/A,"Maria Mayenzet, Peter Coyote, Dave Austin, Richard Partlow",tt0089360,Joe Eszterhas,04 Oct 1985,Richard Marquand,"Crime, Thriller, Mystery",http://ia.media-imdb.com/images/M/MV5BMTM3MDQwNDQyNl5BMl5BanBnXkFtZTYwODQ0Njk4._V1_SX300.jpg,Nominated for 1 Oscar. Another 3 nominations.
56fb997a71a06517682a2c75,"27,130",movie,True,English,St. Elmo's Fire,"37,800,000",USA,R,110 min,6.3,N/A,"Emilio Estevez, Rob Lowe, Andrew McCarthy, Demi Moore",tt0090060,"Joel Schumacher, Carl Kurlander",28 Jun 1985,Joel Schumacher,"Drama, Romance",http://ia.media-imdb.com/images/M/MV5BMjE4ODM2MTAzOF5BMl5BanBnXkFtZTgwOTYxNjcxMTE@._V1_SX300.jpg,1 win & 1 nomination.
56fb997a71a06517682a2c76,"98,478",movie,True,English,Mad Max Beyond Thunderdome,"36,200,000",Australia,PG-13,107 min,6.2,80,"Mel Gibson, Bruce Spence, Adam Cockburn, Tina Turner",tt0089530,"Terry Hayes, George Miller",10 Jul 1985,"George Miller, George Ogilvie","Action, Adventure, Sci-Fi",http://ia.media-imdb.com/images/M/MV5BMTk0MDQ5NTYxNV5BMl5BanBnXkFtZTcwNTA0ODYyMQ@@._V1_SX300.jpg,Nominated for 1 Golden Globe. Another 1 win & 7 nominations.
56fb997a71a06517682a2c77,"107,552",movie,True,English,Commando,,USA,R,90 min,6.7,N/A,"Arnold Schwarzenegger, Rae Dawn Chong, Dan Hedaya, Vernon Wells",tt0088944,"Jeph Loeb (story, Matthew Weisman (story, Steven E. de Souza (story, Steven E. de Souza (screenplay)",04 Oct 1985,Mark L. Lester,"Action, Adventure, Thriller",http://ia.media-imdb.com/images/M/MV5BMTcyNzY4NjA2MF5BMl5BanBnXkFtZTcwNTkzNjk0MQ@@._V1_SX300.jpg,2 nominations.
56fb997a71a06517682a2c78,"33,616",movie,True,English,Teen Wolf,"33,086,700",USA,PG,91 min,6.0,25,"Michael J. Fox, James Hampton, Susan Ursitti, Jerry Levine",tt0090142,"Jeph Loeb, Matthew Weisman",23 Aug 1985,Rod Daniel,"Comedy, Fantasy",http://ia.media-imdb.com/images/M/MV5BMTU2OTkxMTg0OV5BMl5BanBnXkFtZTcwMjkzMTM3NA@@._V1_SX300.jpg,N/A
56fb997a71a06517682a2c79,"27,419",movie,True,English,Silverado,"33,200,000",USA,PG-13,133 min,7.2,64,"Kevin Kline, Scott Glenn, Kevin Costner, Danny Glover",tt0090022,"Lawrence Kasdan, Mark Kasdan",10 Jul 1985,Lawrence Kasdan,"Action, Crime, Drama",http://ia.media-imdb.com/images/M/MV5BMTQ0MTMwMjY0MV5BMl5BanBnXkFtZTcwODMwMjgyMQ@@._V1_SX300.jpg,Nominated for 2 Oscars. Another 1 win & 2 nominations.
56fb997a71a06517682a2c7a,"4,026",movie,True,English,Murphy's Romance,"30,762,621",USA,PG-13,107 min,7.0,N/A,"Sally Field, James Garner, Brian Kerwin, Corey Haim",tt0089643,"Max Schott (based on the novella by, Harriet Frank Jr. (screenplay, Irving Ravetch (screenplay)",31 Jan 1986,Martin Ritt,"Comedy, Drama, Romance",http://ia.media-imdb.com/images/M/MV5BMTI2MTkxNTk1NF5BMl5BanBnXkFtZTcwOTE5MzkxMQ@@._V1_SX300.jpg,Nominated for 2 Oscars. Another 2 nominations.
56fb997a71a06517682a2c7b,"41,927",movie,True,English,A Nightmare on Elm Street 2: Freddy's Revenge,"30,000,000",USA,R,87 min,5.4,N/A,"Mark Patton, Kim Myers, Robert Rusler, Clu Gulager",tt0089686,"David Chaskin, Wes Craven (characters)",01 Nov 1985,Jack Sholder,"Fantasy, Horror",http://ia.media-imdb.com/images/M/MV5BMjA4OTA4NTA4MV5BMl5BanBnXkFtZTYwNTI2MjU5._V1_SX300.jpg,1 nomination.
56fb997a71a06517682a2c7c,"15,951",movie,True,English,Desperately Seeking Susan,"27,400,000",USA,PG-13,104 min,5.8,N/A,"Rosanna Arquette, Madonna, Aidan Quinn, Mark Blum",tt0089017,Leora Barish,12 Apr 1985,Susan Seidelman,"Comedy, Drama",http://ia.media-imdb.com/images/M/MV5BMTIzMzA5NjIzOF5BMl5BanBnXkFtZTYwOTA2NTI5._V1_SX300.jpg,Nominated for 1 Golden Globe. Another 1 win & 2 nominations.
56fb997a71a06517682a2c7d,"18,104",movie,True,English,Prizzi's Honor,"26,700,000",USA,R,130 min,6.8,N/A,"Jack Nicholson, Kathleen Turner, Robert Loggia, John Randolph",tt0089841,"Richard Condon (novel, Richard Condon (screenplay, Janet Roach (screenplay)",14 Jun 1985,John Huston,"Comedy, Crime, Drama",http://ia.media-imdb.com/images/M/MV5BNjU5YTJkNDYtYTEwMC00ZWFjLTk1Y2ItZWQ5YTcxNDY0MmI3XkEyXkFqcGdeQXVyMTAwMzUyOTc@._V1_SX300.jpg,Won 1 Oscar. Another 24 wins & 25 nominations.
56fb997a71a06517682a2c7e,"9,086",movie,True,English,The Last Dragon,"33,000,000",USA,PG-13,109 min,6.9,N/A,"Taimak, Vanity, Christopher Murney, Julius Carry",tt0089461,Louis Venosta,22 Mar 1985,Michael Schultz,"Action, Comedy, Drama",http://ia.media-imdb.com/images/M/MV5BMjE4ODQ1ODA5Ml5BMl5BanBnXkFtZTYwNDAxOTY5._V1_SX300.jpg,Nominated for 1 Golden Globe. Another 2 nominations.
56fb997a71a06517682a2c7f,"5,343",movie,True,"English, French, Latin",Agnes of God,,USA,PG-13,98 min,6.6,N/A,"Jane Fonda, Anne Bancroft, Meg Tilly, Anne Pitoniak",tt0088683,"John Pielmeier (screenplay, John Pielmeier (play)",27 Sep 1985,Norman Jewison,"Drama, Mystery",http://ia.media-imdb.com/images/M/MV5BMTg4NTEyNTUxNl5BMl5BanBnXkFtZTcwNzkwMzAzMQ@@._V1_SX300.jpg,Nominated for 3 Oscars. Another 1 win & 2 nominations.
56fb997a71a06517682a2c80,"40,994",movie,True,English,Fright Night,,USA,R,106 min,7.1,N/A,"Chris Sarandon, William Ragsdale, Amanda Bearse, Roddy McDowall",tt0089175,Tom Holland,02 Aug 1985,Tom Holland,"Fantasy, Horror, Thriller",http://ia.media-imdb.com/images/M/MV5BMjQzMTM4NzUyM15BMl5BanBnXkFtZTgwNDYyODgwNzE@._V1_SX300.jpg,5 wins & 4 nominations.
56fb997a71a06517682a2c81,"9,786",movie,True,"English, Spanish",Summer Rental,,USA,PG-13,87 min,6.2,N/A,"John Candy, Karen Austin, Kerri Green, Joey Lawrence",tt0090098,"Jeremy Stevens, Mark Reisman",09 Aug 1985,Carl Reiner,"Comedy, Romance",http://ia.media-imdb.com/images/M/MV5BMTgxMDEzMjUzMF5BMl5BanBnXkFtZTcwMTIzMjUyMQ@@._V1_SX300.jpg,3 nominations.
56fb997a71a06517682a2c82,"7,194",movie,True,"English, Portuguese",The Emerald Forest,"24,467,000",UK,R,114 min,6.9,N/A,"Powers Boothe, Meg Foster, Yara Vaneau, William Rodriguez",tt0089087,Rospo Pallenberg,03 Jul 1985,John Boorman,"Action, Adventure, Drama",http://ia.media-imdb.com/images/M/MV5BMTI5NTYzMTI0Ml5BMl5BanBnXkFtZTYwOTMyNTg5._V1_SX300.jpg,Nominated for 3 BAFTA Film Awards. Another 1 nomination.
56fb997a71a06517682a2c83,"57,635",movie,True,English,Weird Science,"16,300,000",USA,PG-13,94 min,6.6,46,"Anthony Michael Hall, Kelly LeBrock, Ilan Mitchell-Smith, Bill Paxton",tt0090305,John Hughes,02 Aug 1985,John Hughes,"Comedy, Romance, Sci-Fi",http://ia.media-imdb.com/images/M/MV5BNTE2MzkxNzExM15BMl5BanBnXkFtZTgwNzIwODQxMTE@._V1_SX300.jpg,1 nomination.
56fb997a71a06517682a2c84,"4,039",movie,True,English,The Care Bears Movie,"22,934,000",Canada,G,77 min,5.5,N/A,"Mickey Rooney, Jackie Burroughs, Georgia Engel, Sunny Besen Thrasher",tt0088885,Peter Sauder (screenplay),29 Mar 1985,Arna Selznick,"Animation, Adventure, Comedy",http://ia.media-imdb.com/images/M/MV5BOTEzMzI5MTcxM15BMl5BanBnXkFtZTcwNjEyNzU0MQ@@._V1_SX300.jpg,1 win & 2 nominations.
56fb997a71a06517682a2c85,"21,118",movie,True,English,The Black Cauldron,"21,000,000",USA,PG,80 min,6.4,N/A,"Grant Bardsley, Susan Sheridan, Freddie Jones, Nigel Hawthorne",tt0088814,"Lloyd Alexander (novel, David Jonas (story, Vance Gerry (story, Ted Berman (story, Richard Rich (story, Al Wilson (story, Roy Morita (story, Peter Young (story, Art Stevens (story, Joe Hale (story, Rosemary Anne Sisson (additional dialogue, Roy Edward Disney (additional dialogue, Tony Marino (additional story contributions, Steve Hulett (additional story contributions, Mel Shaw (additional story contributions, Burny Mattinson (additional story contributions, John Musker (additional story contributions, Ron Clements (additional story contributions, Doug Lefler (additional story contributions)",24 Jul 1985,"Ted Berman, Richard Rich","Animation, Adventure, Family",http://ia.media-imdb.com/images/M/MV5BNjMwNDU2ODk1M15BMl5BanBnXkFtZTcwMjg4MDYyMQ@@._V1_SX300.jpg,N/A
56fb997a71a06517682a2c86,"4,646",movie,True,English,Code of Silence,,USA,R,101 min,6.0,N/A,"Chuck Norris, Henry Silva, Bert Remsen, Mike Genovese",tt0088936,"Michael Butler (screenplay, Dennis Shryack (screenplay, Mike Gray (screenplay, Michael Butler (story, Dennis Shryack (story)",03 May 1985,Andrew Davis,"Action, Crime, Drama",http://ia.media-imdb.com/images/M/MV5BNDUxNDAyNTY1NV5BMl5BanBnXkFtZTcwMzM4OTEzNA@@._V1_SX300.jpg,N/A
56fb997a71a06517682a2c87,"6,391",movie,True,English,Volunteers,,USA,R,107 min,5.4,N/A,"Tom Hanks, John Candy, Rita Wilson, Tim Thomerson",tt0090274,"Keith Critchlow (story, Ken Levine (screenplay, David Isaacs (screenplay)",16 Aug 1985,Nicholas Meyer,Comedy,http://ia.media-imdb.com/images/M/MV5BMTY2MzAyMDY2MF5BMl5BanBnXkFtZTYwODY1NTU5._V1_SX300.jpg,N/A
56fb997a71a06517682a2c88,"14,346",movie,True,English,Young Sherlock Holmes,"4,250,320",USA,PG-13,109 min,6.8,N/A,"Nicholas Rowe, Alan Cox, Sophie Ward, Anthony Higgins",tt0090357,"Arthur Conan Doyle (characters, Chris Columbus (screenplay, Quico Rovira-Beleta (Castilian Spanish translation & adaptation)",04 Dec 1985,Barry Levinson,"Adventure, Fantasy, Mystery",http://ia.media-imdb.com/images/M/MV5BMjA0NjMyMTg4NV5BMl5BanBnXkFtZTcwMDIwNTAwMQ@@._V1_SX300.jpg,Nominated for 1 Oscar. Another 1 win & 3 nominations.
56fb997a71a06517682a2c89,"10,093",movie,True,"Mandarin, English, Cantonese, Vietnamese, Polish",Year of the Dragon,"18,700,000","USA, France",R,134 min,6.9,N/A,"Mickey Rourke, John Lone, Ariane, Leonard Termo",tt0090350,"Robert Daley (novel, Oliver Stone (screenplay, Michael Cimino (screenplay)",16 Aug 1985,Michael Cimino,"Action, Crime, Drama",http://ia.media-imdb.com/images/M/MV5BMTk1MDk1MzgxMl5BMl5BanBnXkFtZTYwMTI2Mjc4._V1_SX300.jpg,Nominated for 2 Golden Globes. Another 1 win & 7 nominations.
56fb997a71a06517682a2c8a,"32,579",movie,True,English,Ladyhawke,,USA,PG-13,121 min,7.0,N/A,"Matthew Broderick, Rutger Hauer, Michelle Pfeiffer, Leo McKern",tt0089457,"Edward Khmara (screenplay, Michael Thomas (screenplay, Tom Mankiewicz (screenplay, Edward Khmara (story)",12 Apr 1985,Richard Donner,"Adventure, Drama, Fantasy",http://ia.media-imdb.com/images/M/MV5BMTc1MDI3NDcwOV5BMl5BanBnXkFtZTcwMDkxMTkyMQ@@._V1_SX300.jpg,Nominated for 2 Oscars. Another 4 wins & 5 nominations.
56fb997a71a06517682a2c8b,"14,981",movie,True,English,The Sure Thing,"18,136,000",USA,PG-13,100 min,7.0,N/A,"John Cusack, Daphne Zuniga, Anthony Edwards, Boyd Gaines",tt0090103,"Steve Bloom, Jonathan Roberts",01 Mar 1985,Rob Reiner,"Comedy, Drama, Romance",http://ia.media-imdb.com/images/M/MV5BMTUxOTAyOTI4Nl5BMl5BanBnXkFtZTcwNzcyMTAwMQ@@._V1_SX300.jpg,N/A
56fb997a71a06517682a2c8c,"5,783",movie,True,"English, Russian, Spanish",Invasion U.S.A.,,USA,R,107 min,5.3,N/A,"Chuck Norris, Richard Lynch, Melissa Prophet, Alexander Zale",tt0089348,"James Bruner (screenplay, Chuck Norris (screenplay, Aaron Norris (story, James Bruner (story)",27 Sep 1985,Joseph Zito,"Action, Thriller",http://ia.media-imdb.com/images/M/MV5BMzU0ODAyNDU0Nl5BMl5BanBnXkFtZTcwMDkzNzA2NA@@._V1_SX300.jpg,N/A
56fb997a71a06517682a2c8d,"20,161",movie,True,"English, Arabic, Spanish",To Live and Die in L.A.,"967,312",USA,R,116 min,7.2,N/A,"William Petersen, Willem Dafoe, John Pankow, Debra Feuer",tt0090180,"Gerald Petievich (novel, William Friedkin (screenplay, Gerald Petievich (screenplay)",01 Nov 1985,William Friedkin,"Action, Crime, Drama",http://ia.media-imdb.com/images/M/MV5BMTU1ODYxNTc0NF5BMl5BanBnXkFtZTgwOTU1OTc1MDE@._V1_SX300.jpg,3 wins.
56fb997a71a06517682a2c8e,"8,022",movie,True,English,The Falcon and the Snowman,"17,100,000","UK, USA",R,131 min,6.8,N/A,"Timothy Hutton, Sean Penn, Pat Hingle, Joyce Van Patten",tt0087231,"Robert Lindsey (book, Steven Zaillian",08 Feb 1985,John Schlesinger,"Biography, Crime, Drama",http://ia.media-imdb.com/images/M/MV5BNjM4NTI0MjUzNV5BMl5BanBnXkFtZTcwMTMzNzYzNA@@._V1_SX300.jpg,1 nomination.
56fb997a71a06517682a2c8f,"10,439",movie,True,"English, French, Portuguese, German",Kiss of the Spider Woman,"4,952,880","Brazil, USA",R,120 min,7.5,80,"William Hurt, Raul Julia, Sonia Braga, José Lewgoy",tt0089424,"Manuel Puig (based on the novel by, Leonard Schrader",26 Jul 1985,Hector Babenco,"Drama, Romance","http://ia.media-imdb.com/images/M/MV5BMTUzOTg0MDEwOV5BMl5BanBnXkFtZTcwNTg1OTM2MQ@@._V1._CR12,11,306,484_SX89_AL_.jpg_V1_SX300.jpg",Won 1 Oscar. Another 10 wins & 11 nominations.
56fb997a71a06517682a2c90,"9,700",movie,True,English,Death Wish 3,,USA,X,92 min,5.9,N/A,"Charles Bronson, Deborah Raffin, Ed Lauter, Martin Balsam",tt0089003,"Don Jakoby, Brian Garfield (characters created by)",01 Nov 1985,Michael Winner,"Action, Crime, Drama",http://ia.media-imdb.com/images/M/MV5BMTI0MDk3MDEyMV5BMl5BanBnXkFtZTcwOTA3OTQyMQ@@._V1_SX300.jpg,N/A
56fb997a71a06517682a2c91,"9,495",movie,True,English,King Solomon's Mines,"238,227","USA, South Africa",PG-13,100 min,5.1,N/A,"Richard Chamberlain, Sharon Stone, Herbert Lom, John Rhys-Davies",tt0089421,"H. Rider Haggard (novel, Gene Quintano (screenplay, James R. Silke (screenplay)",22 Nov 1985,J. Lee Thompson,"Action, Adventure, Comedy",http://ia.media-imdb.com/images/M/MV5BMTUzODYxNjIwOF5BMl5BanBnXkFtZTcwMjIyMDczMQ@@._V1_SX300.jpg,2 nominations.
56fb997a71a06517682a2c92,"2,531",movie,True,English,Baby: Secret of the Lost Legend,,USA,PG,95 min,5.0,N/A,"William Katt, Sean Young, Patrick McGoohan, Julian Fellowes",tt0088760,"Clifford Green, Ellen Green, David Lee Miller (storybook)",22 Mar 1985,Bill Norton,"Family, Adventure, Sci-Fi",http://ia.media-imdb.com/images/M/MV5BMzcwODA5NjMzMl5BMl5BanBnXkFtZTcwNDcxMDIyMQ@@._V1_SX300.jpg,N/A
56fb997a71a06517682a2c93,"55,800",movie,True,"English, French",Clue,"3,149,676",USA,PG,94 min,7.3,36,"Eileen Brennan, Tim Curry, Madeline Kahn, Christopher Lloyd",tt0088930,"John Landis (story, Jonathan Lynn (story, Jonathan Lynn (screenplay)",13 Dec 1985,Jonathan Lynn,"Comedy, Crime, Mystery",http://ia.media-imdb.com/images/M/MV5BNTc3NDc1ODYxNl5BMl5BanBnXkFtZTcwMjc5MDMyMQ@@._V1_SX300.jpg,N/A
56fb997a71a06517682a2c94,"8,480",movie,True,English,Remo Williams: The Adventure Begins,,USA,PG-13,121 min,6.4,N/A,"Fred Ward, Joel Grey, Wilford Brimley, J.A. Preston",tt0089901,"Richard Sapir (novel, Warren Murphy (novel, Christopher Wood",11 Oct 1985,Guy Hamilton,"Action, Adventure, Comedy",http://ia.media-imdb.com/images/M/MV5BMTk4MzIyNzQyNF5BMl5BanBnXkFtZTYwNTgwNzk5._V1_SX300.jpg,Nominated for 1 Oscar. Another 3 nominations.
56fb997a71a06517682a2c95,"38,261",movie,True,English,The Return of the Living Dead,,USA,R,91 min,7.3,N/A,"Clu Gulager, James Karen, Don Calfa, Thom Mathews",tt0089907,"Rudy Ricci (story, John A. Russo (story, Russell Streiner (story, Dan O'Bannon (screenplay)",16 Aug 1985,Dan O'Bannon,"Comedy, Horror, Sci-Fi",http://ia.media-imdb.com/images/M/MV5BMjEyNTQ4NDUyM15BMl5BanBnXkFtZTcwNzg0ODU4NA@@._V1_SX300.jpg,4 nominations.
56fb997a71a06517682a2c96,"7,295",movie,True,English,A Chorus Line,"4,832,625",USA,PG-13,113 min,6.1,46,"Michael Blevins, Yamil Borges, Jan Gan Boyd, Sharon Brown",tt0088915,"Arnold Schulman (screenplay, Michael Bennett (concept: musical \",20 Dec 1985,Richard Attenborough,"Drama, Music, Musical",http://ia.media-imdb.com/images/M/MV5BMTYzOTIwOTA1NF5BMl5BanBnXkFtZTcwMDg4NzQzNA@@._V1_SX300.jpg,Nominated for 3 Oscars. Another 5 nominations.
56fb997a71a06517682a2c97,892,movie,True,English,Tomboy,,USA,R,91 min,4.6,N/A,"Betsy Russell, Gerard Christopher, Kristi Somers, Richard Erdman",tt0090184,Ben Zelig,14 Nov 1985,Herb Freed,Comedy,http://ia.media-imdb.com/images/M/MV5BMTA2NTMyNTQ5NzReQTJeQWpwZ15BbWU3MDYwODA3MzE@._V1_SX300.jpg,N/A
56fb997a71a06517682a2c98,"2,078",movie,True,English,One Magic Christmas,,"Canada, USA",G,89 min,6.7,N/A,"Mary Steenburgen, Gary Basaraba, Harry Dean Stanton, Arthur Hill",tt0089731,"Thomas Meehan (story, Phillip Borsos (story, Barry Healey (story, Thomas Meehan",22 Nov 1985,Phillip Borsos,"Family, Fantasy",http://ia.media-imdb.com/images/M/MV5BMTU3NzQ3MTM2NF5BMl5BanBnXkFtZTcwMzI3NTYyMQ@@._V1_SX300.jpg,2 wins & 7 nominations.
56fb997a71a06517682a2c99,"16,183",movie,True,English,Cat's Eye,"9,000,000","USA, Netherlands",PG-13,94 min,6.2,N/A,"Drew Barrymore, James Woods, Alan King, Kenneth McMillan",tt0088889,Stephen King (screenplay),12 Apr 1985,Lewis Teague,"Comedy, Horror, Thriller",http://ia.media-imdb.com/images/M/MV5BMTMzNzM3Njc1OF5BMl5BanBnXkFtZTYwNjY4NTc5._V1_SX300.jpg,2 nominations.
56fb997a71a06517682a2c9a,"6,077",movie,True,English,Vision Quest,,USA,R,107 min,6.5,N/A,"Matthew Modine, Linda Fiorentino, Michael Schoeffling, Ronny Cox",tt0090270,"Terry Davis (novel, Darryl Ponicsan (screenplay)",15 Feb 1985,Harold Becker,"Drama, Romance, Sport",http://ia.media-imdb.com/images/M/MV5BNDQzODg0OTQ2MV5BMl5BanBnXkFtZTgwNjEyNjU1MDE@._V1_SX300.jpg,N/A
56fb997a71a06517682a2c9b,"23,191",movie,True,English,Real Genius,"13,000,000",USA,PG,108 min,7.0,N/A,"Val Kilmer, Gabriel Jarret, Michelle Meyrink, William Atherton",tt0089886,"Neal Israel (screenplay, Neal Israel (story, Pat Proft (screenplay, Pat Proft (story, Pj Torokvei",07 Aug 1985,Martha Coolidge,"Comedy, Romance, Sci-Fi",http://ia.media-imdb.com/images/M/MV5BNTQ5MzU3ODg0OF5BMl5BanBnXkFtZTgwODM0MzQxMDE@._V1_SX300.jpg,2 wins & 2 nominations.
56fb997a71a06517682a2c9c,"3,250",movie,True,English,Perfect,,USA,R,115 min,4.2,N/A,"Ramey Ellis, Alma Beltran, Perla Walter, Gina Morelli",tt0089798,"Aaron Latham (story, Aaron Latham (screenplay, James Bridges (screenplay)",07 Jun 1985,James Bridges,"Drama, Romance",http://ia.media-imdb.com/images/M/MV5BMTIyMDQ3NDIwMV5BMl5BanBnXkFtZTYwODI2MTg4._V1_SX300.jpg,1 win & 4 nominations.
56fb997a71a06517682a2c9d,778,movie,True,English,Compromising Positions,,USA,R,99 min,5.9,N/A,"Susan Sarandon, Raul Julia, Edward Herrmann, Judith Ivey",tt0088947,"Susan Isaacs (screenplay, Susan Isaacs (novel)",30 Aug 1985,Frank Perry,"Comedy, Drama, Mystery",http://ia.media-imdb.com/images/M/MV5BNjk3MjMxMjc0NF5BMl5BanBnXkFtZTYwODU4MTk5._V1_SX300.jpg,N/A
56fb997a71a06517682a2c9e,"15,869",movie,True,English,Silver Bullet,,"USA, Netherlands",R,95 min,6.3,N/A,"Gary Busey, Everett McGill, Corey Haim, Megan Follows",tt0090021,"Stephen King (novel, Stephen King (screenplay)",11 Oct 1985,Daniel Attias,Horror,http://ia.media-imdb.com/images/M/MV5BMTU2MzY0OTAwMl5BMl5BanBnXkFtZTcwODc0ODMyMQ@@._V1_SX300.jpg,1 nomination.
56fb997a71a06517682a2c9f,"32,904",movie,True,English,Enemy Mine,"4,271,684","USA, West Germany",PG-13,108 min,6.9,N/A,"Dennis Quaid, Louis Gossett Jr., Brion James, Richard Marcus",tt0089092,"Barry Longyear (story, Edward Khmara (screenplay)",20 Dec 1985,Wolfgang Petersen,"Action, Adventure, Drama",http://ia.media-imdb.com/images/M/MV5BMTkxODQ1NDMwMl5BMl5BanBnXkFtZTgwMTY4MjQxMDE@._V1_SX300.jpg,2 wins & 6 nominations.
56fb997a71a06517682a2ca0,"15,009",movie,True,English,Lifeforce,,"UK, USA",R,116 min,6.1,N/A,"Steve Railsback, Peter Firth, Frank Finlay, Mathilda May",tt0089489,"Colin Wilson (novel, Dan O'Bannon (screenplay, Don Jakoby (screenplay)",21 Jun 1985,Tobe Hooper,"Action, Horror, Sci-Fi",http://ia.media-imdb.com/images/M/MV5BMTU4MTMxOTQyOV5BMl5BanBnXkFtZTcwMzU1NDk0NA@@._V1_SX300.jpg,1 win & 2 nominations.
56fb997a71a06517682a2ca1,"9,559",movie,True,English,Just One of the Guys,"11,500,000",USA,PG-13,90 min,6.5,N/A,"Joyce Hyser, Clayton Rohner, Billy Jayne, Toni Hudson",tt0089393,"Dennis Feldman (screenplay, Jeff Franklin (screenplay, Dennis Feldman (story)",26 Apr 1985,Lisa Gottlieb,"Comedy, Romance",http://ia.media-imdb.com/images/M/MV5BMTI4Mjc3NDQ1N15BMl5BanBnXkFtZTcwNjkyMDUyMQ@@._V1_SX300.jpg,3 nominations.
56fb997a71a06517682a2ca2,"19,026",movie,True,English,Return to Oz,,"UK, USA",PG,113 min,6.7,42,"Fairuza Balk, Nicol Williamson, Jean Marsh, Piper Laurie",tt0089908,"L. Frank Baum (novels, Gill Dennis, Walter Murch",21 Jun 1985,Walter Murch,"Adventure, Family, Fantasy",http://ia.media-imdb.com/images/M/MV5BMTU2MDMwNjcwNl5BMl5BanBnXkFtZTYwMzY0OTg5._V1_SX300.jpg,Nominated for 1 Oscar. Another 5 nominations.
56fb997a71a06517682a2ca3,"1,318",movie,True,English,Krush Groove,,USA,R,97 min,6.6,N/A,"Sheila E., Joseph Simmons, Darryl McDaniels, Jason Mizell",tt0089444,Ralph Farquhar,25 Oct 1985,Michael Schultz,"Comedy, Drama, Music",http://ia.media-imdb.com/images/M/MV5BODY0MjE4MTk3Ml5BMl5BanBnXkFtZTYwMjQ1Mzg5._V1_SX300.jpg,1 nomination.
56fb997a71a06517682a2ca4,"5,175",movie,True,"English, German, Russian, French",Gotcha!,"8,800,000",USA,PG-13,101 min,6.1,N/A,"Anthony Edwards, Linda Fiorentino, Jsu Garcia, Alex Rocco",tt0089222,"Paul G. Hensler (story, Dan Gordon (story, Dan Gordon (screenplay)",03 May 1985,Jeff Kanew,"Action, Comedy, Mystery",http://ia.media-imdb.com/images/M/MV5BMTMxMTg0NDE3MF5BMl5BanBnXkFtZTcwMjY2MjgyMQ@@._V1_SX300.jpg,N/A
56fb997a71a06517682a2ca5,"35,078",movie,True,English,The Purple Rose of Cairo,"10,600,000",USA,PG,82 min,7.8,75,"Mia Farrow, Jeff Daniels, Danny Aiello, Irving Metzman",tt0089853,Woody Allen,19 Apr 1985,Woody Allen,"Comedy, Fantasy, Romance",http://ia.media-imdb.com/images/M/MV5BMTUyODM2ODI0OF5BMl5BanBnXkFtZTcwOTIwMzg4NA@@._V1_SX300.jpg,Nominated for 1 Oscar. Another 14 wins & 14 nominations.
56fb997a71a06517682a2ca6,"2,821",movie,True,English,Moving Violations,"10,600,000",USA,PG-13,90 min,5.7,N/A,"John Murray, Jennifer Tilly, James Keach, Brian Backer",tt0089629,"Neal Israel (screenplay, Pat Proft (screenplay, Paul Boorstin (story, Sharon Boorstin (story)",19 Apr 1985,Neal Israel,Comedy,"http://ia.media-imdb.com/images/M/MV5BMTYyMzM3Mjg2MF5BMl5BanBnXkFtZTcwMDE5MjAzMQ@@._V1._CR1,59,338,439_SY132_CR6,0,89,132_AL_.jpg_V1_SX300.jpg",N/A
56fb997a71a06517682a2ca7,"37,905",movie,True,English,After Hours,"10,600,000",USA,R,97 min,7.7,90,"Griffin Dunne, Rosanna Arquette, Verna Bloom, Tommy Chong",tt0088680,Joseph Minion,11 Oct 1985,Martin Scorsese,"Comedy, Crime, Drama",http://ia.media-imdb.com/images/M/MV5BMTUxMjEzMzI2MV5BMl5BanBnXkFtZTgwNTU3ODAxMDE@._V1_SX300.jpg,Nominated for 1 Golden Globe. Another 3 wins & 8 nominations.
56fb997a71a06517682a2ca8,"10,002",movie,True,English,American Ninja,,USA,R,95 min,5.3,N/A,"Michael Dudikoff, Steve James, Judie Aronson, Guich Koock",tt0088708,"Paul De Mielche (screenplay, Avi Kleinberger (story, Gideon Amir (story)",30 Aug 1985,Sam Firstenberg,"Action, Adventure, Romance",http://ia.media-imdb.com/images/M/MV5BNzM2NzMzMzQ1Ml5BMl5BanBnXkFtZTcwMzMzMjYxMQ@@._V1_SX300.jpg,N/A
56fb997a71a06517682a2ca9,"32,944",movie,True,English,Better Off Dead...,,USA,PG,97 min,7.2,N/A,"John Cusack, David Ogden Stiers, Kim Darby, Demian Slade",tt0088794,Savage Steve Holland,11 Oct 1985,Savage Steve Holland,"Comedy, Romance",http://ia.media-imdb.com/images/M/MV5BMTI5MjEwNDg3M15BMl5BanBnXkFtZTcwODczNjYyMQ@@._V1_SX300.jpg,N/A
56fb997a71a06517682a2caa,"4,936",movie,True,English,Lost in America,,USA,R,91 min,7.1,N/A,"Albert Brooks, Julie Hagerty, Sylvia Farrel, Tina Kincaid",tt0089504,"Albert Brooks, Monica Mcgowan Johnson",22 Aug 1985,Albert Brooks,Comedy,http://ia.media-imdb.com/images/M/MV5BMTY2NTYwODI0NF5BMl5BanBnXkFtZTYwMTQzNjU5._V1_SX300.jpg,1 win & 1 nomination.
56fb997a71a06517682a2cab,"9,643",movie,True,English,Once Bitten,"1,212,601",USA,PG-13,94 min,5.4,N/A,"Lauren Hutton, Jim Carrey, Karen Kopins, Cleavon Little",tt0089730,"Dimitri Villard (story, David Hines, Jeffrey Hause, Jonathan Roberts",15 Nov 1985,Howard Storm,"Comedy, Horror",http://ia.media-imdb.com/images/M/MV5BMjA4MTQzMjIwNF5BMl5BanBnXkFtZTcwMTEwODMyMQ@@._V1_SX300.jpg,N/A
56fb997a71a06517682a2cac,"148,318",movie,True,English,Brazil,"9,929,000",UK,R,132 min,8.0,88,"Jonathan Pryce, Robert De Niro, Katherine Helmond, Ian Holm",tt0088846,"Terry Gilliam (screenplay, Tom Stoppard (screenplay, Charles McKeown (screenplay)",18 Dec 1985,Terry Gilliam,"Drama, Sci-Fi","http://ia.media-imdb.com/images/M/MV5BMTIwMDQ1NzQyOF5BMl5BanBnXkFtZTcwMTE4MDQzMQ@@._V1._CR3,43,349,456_SY132_CR6,0,89,132_AL_.jpg_V1_SX300.jpg",Nominated for 2 Oscars. Another 8 wins & 3 nominations.
56fb997a71a06517682a2cad,"13,961",movie,True,"English, German",Explorers,,USA,PG,109 min,6.6,N/A,"Ethan Hawke, River Phoenix, Bobby Fite, Bradley Gregg",tt0089114,Eric Luke,12 Jul 1985,Joe Dante,"Adventure, Comedy, Family",http://ia.media-imdb.com/images/M/MV5BMzI4MTY4NjQxNl5BMl5BanBnXkFtZTcwNjY5ODM4OA@@._V1_SX300.jpg,1 win & 5 nominations.
56fb997a71a06517682a2cae,"3,824",movie,True,English,The Journey of Natty Gann,"2,135,577",USA,PG,101 min,7.0,N/A,"Meredith Salenger, John Cusack, Ray Wise, Lainie Kazan",tt0089385,Jeanne Rosenberg,27 Sep 1985,Jeremy Kagan,"Family, Adventure",http://ia.media-imdb.com/images/M/MV5BMTIzMTY2NDYwOF5BMl5BanBnXkFtZTcwOTk4NTUyMQ@@._V1_SX300.jpg,Nominated for 1 Oscar. Another 1 win & 2 nominations.
56fb997a71a06517682a2caf,"2,662",movie,True,English,Tuff Turf,,USA,R,112 min,6.2,N/A,"James Spader, Kim Richards, Paul Mones, Matt Clark",tt0090213,"Jette Rinck (screenplay, Greg Collins O'Neill (story, Murray Michaels (story)",11 Jan 1985,Fritz Kiersch,"Action, Drama",http://ia.media-imdb.com/images/M/MV5BMTUxNzUzMDA5NV5BMl5BanBnXkFtZTcwNDQ2MDAyMQ@@._V1_SX300.jpg,1 win.
56fb997a71a06517682a2cb0,"3,013",movie,True,English,Sweet Dreams,,USA,PG-13,115 min,7.1,N/A,"Jessica Lange, Ed Harris, Ann Wedgeworth, David Clennon",tt0090110,Robert Getchell,11 Oct 1985,Karel Reisz,"Biography, Drama, Music",http://ia.media-imdb.com/images/M/MV5BNTE3OTM4ODQ0Ml5BMl5BanBnXkFtZTYwNTg0OTg4._V1_SX300.jpg,Nominated for 1 Oscar. Another 2 nominations.
56fb997a71a06517682a2cb1,"2,940",movie,True,"English, French, German",Target,,USA,R,117 min,6.0,N/A,"Gene Hackman, Matt Dillon, Gayle Hunnicutt, Randy Moore",tt0090130,"Howard Berk, Don Petersen, Leonard Stern (story)",08 Nov 1985,Arthur Penn,"Action, Adventure, Crime",http://ia.media-imdb.com/images/M/MV5BMTI2NjYzNTIxMV5BMl5BanBnXkFtZTcwMTE3OTgyMQ@@._V1_SX300.jpg,N/A
56fb997a71a06517682a2cb2,"3,750",movie,True,English,Mischief,"8,700,000",USA,R,93 min,6.5,N/A,"Doug McKeon, Catherine Mary Stewart, Kelly Preston, Chris Nash",tt0089601,Noel Black,08 Feb 1985,Mel Damski,"Comedy, Romance",http://ia.media-imdb.com/images/M/MV5BMTk3MjQ2MzI2N15BMl5BanBnXkFtZTcwODQ1MzgyMQ@@._V1_SX300.jpg,N/A
56fb997a71a06517682a2cb3,"11,263",movie,True,English,The Man with One Red Shoe,"8,600,000",USA,PG,92 min,5.6,N/A,"Tom Hanks, Dabney Coleman, Lori Singer, Charles Durning",tt0089543,"Francis Veber (screenplay, Yves Robert (screenplay, Robert Klane",19 Jul 1985,Stan Dragoti,"Comedy, Thriller",http://ia.media-imdb.com/images/M/MV5BMTQ4ODQyMDU3OF5BMl5BanBnXkFtZTcwNDQzMjYyMQ@@._V1_SX300.jpg,N/A
56fb997a71a06517682a2cb4,"1,686",movie,True,English,That Was Then... This Is Now,,USA,R,102 min,6.2,N/A,"Emilio Estevez, Craig Sheffer, Larry B. Scott, Matthew Dudley",tt0090151,"S.E. Hinton (novel, Emilio Estevez (screenplay)",08 Nov 1985,Christopher Cain,"Crime, Drama",http://ia.media-imdb.com/images/M/MV5BMTc3MzI3MzM2M15BMl5BanBnXkFtZTcwMzAxMDcxMQ@@._V1_SX300.jpg,N/A
56fb997a71a06517682a2cb5,"4,481",movie,True,English,Secret Admirer,,USA,R,90 min,6.5,N/A,"C. Thomas Howell, Lori Loughlin, Kelly Preston, Dee Wallace",tt0089981,"Jim Kouf, David Greenwalt",14 Jun 1985,David Greenwalt,"Comedy, Romance",http://ia.media-imdb.com/images/M/MV5BMTU4NTcwNzYyMV5BMl5BanBnXkFtZTcwNDMxMTE3NA@@._V1_SX300.jpg,N/A
56fb997a71a06517682a2cb6,"1,292",movie,True,English,Stick,,USA,R,109 min,5.5,N/A,"Burt Reynolds, Candice Bergen, George Segal, Charles Durning",tt0090073,"Elmore Leonard (novel, Elmore Leonard (screenplay, Joseph Stinson (screenplay)",26 Apr 1985,Burt Reynolds,"Action, Crime, Drama",http://ia.media-imdb.com/images/M/MV5BMTk3ODg4MDUyMV5BMl5BanBnXkFtZTYwODA3Mjg5._V1_SX300.jpg,N/A
56fb997a71a06517682a2cb7,757,movie,True,English,Twice in a Lifetime,"5,674,938",USA,R,111 min,6.5,N/A,"Gene Hackman, Ann-Margret, Ellen Burstyn, Amy Madigan",tt0090223,Colin Welland,08 Nov 1985,Bud Yorkin,"Drama, Romance",http://ia.media-imdb.com/images/M/MV5BMTU5NjU2MDY2NV5BMl5BanBnXkFtZTcwMjIzMTkyMQ@@._V1_SX300.jpg,Nominated for 1 Oscar. Another 2 nominations.
56fb997a71a06517682a2cb8,"9,299",movie,True,English,D.A.R.Y.L.,,"UK, USA",PG,99 min,6.1,N/A,"Mary Beth Hurt, Michael McKean, Kathryn Walker, Colleen Camp",tt0088979,"David Ambrose, Allan Scott, Jeffrey Ellis",14 Jun 1985,Simon Wincer,"Family, Sci-Fi",http://ia.media-imdb.com/images/M/MV5BMTMzNjYwOTg1NV5BMl5BanBnXkFtZTcwMjkwMjcyMQ@@._V1_SX300.jpg,1 win & 2 nominations.
56fb997a71a06517682a2cb9,"20,358",movie,True,English,Runaway Train,"7,936,012",USA,R,111 min,7.3,N/A,"Jon Voight, Eric Roberts, Rebecca De Mornay, Kyle T. Heffner",tt0089941,"Djordje Milicevic (screenplay, Paul Zindel (screenplay, Edward Bunker (screenplay, Akira Kurosawa (based on a screenplay by)",17 Jan 1986,Andrey Konchalovskiy,"Action, Adventure, Drama",http://ia.media-imdb.com/images/M/MV5BMTk2OTg2MDg4MF5BMl5BanBnXkFtZTcwMTE0NzI5NA@@._V1_SX300.jpg,Nominated for 3 Oscars. Another 2 wins & 5 nominations.
56fb997a71a06517682a2cba,"7,614",movie,True,"English, Persian, French, Spanish",Into the Night,"6,700,000",USA,R,115 min,6.5,N/A,"Jeff Goldblum, Michelle Pfeiffer, Stacey Pickren, Carmen Argenziano",tt0089346,Ron Koslow,08 Mar 1985,John Landis,"Comedy, Drama, Thriller",http://ia.media-imdb.com/images/M/MV5BMjI3ODQ5NDExN15BMl5BanBnXkFtZTgwMDA5ODAxMDE@._V1_SX300.jpg,1 win.
56fb997a71a06517682a2cbb,"2,906",movie,True,English,The Trip to Bountiful,"7,466,662",USA,PG,108 min,7.6,N/A,"Geraldine Page, John Heard, Carlin Glynn, Richard Bradford",tt0090203,"Horton Foote (screenplay, Horton Foote (play)",24 Jan 1986,Peter Masterson,Drama,http://ia.media-imdb.com/images/M/MV5BMTUyNDAyMjY0OV5BMl5BanBnXkFtZTcwNDAxNDMzMQ@@._V1_SX300.jpg,Won 1 Oscar. Another 5 wins & 7 nominations.
56fb997a71a06517682a2cbc,"4,886",movie,True,English,Transylvania 6-5000,,"Yugoslavia, USA",PG,93 min,4.8,N/A,"Jeff Goldblum, Joseph Bologna, Ed Begley Jr., Carol Kane",tt0090196,Rudy De Luca,08 Nov 1985,Rudy De Luca,"Comedy, Fantasy, Horror",http://ia.media-imdb.com/images/M/MV5BMTk4NTgxNjE2NV5BMl5BanBnXkFtZTcwMTgzNjEyMQ@@._V1_SX300.jpg,N/A
56fb997a71a06517682a2cbd,"29,305",movie,True,English,Red Sonja,,"Netherlands, USA",PG-13,89 min,5.0,N/A,"Brigitte Nielsen, Arnold Schwarzenegger, Sandahl Bergman, Paul L. Smith",tt0089893,"Robert E. Howard (character, Clive Exton, George MacDonald Fraser",03 Jul 1985,Richard Fleischer,"Action, Adventure, Fantasy",http://ia.media-imdb.com/images/M/MV5BMjIzMDk2NTcxMV5BMl5BanBnXkFtZTcwMzUxMTM4NA@@._V1_SX300.jpg,1 win & 2 nominations.
56fb997a71a06517682a2cbe,168,movie,True,English,Here Come the Littles,,"USA, France, Japan",G,72 min,7.1,N/A,"Jimmy Keegan, Bettina Bush, Donavan Freberg, Hal Smith",tt0089272,"Heywood Kling, John Peterson (book)",24 May 1985,Bernard Deyriès,"Animation, Adventure, Family",http://ia.media-imdb.com/images/M/MV5BMTMzMTc1NTA1Ml5BMl5BanBnXkFtZTcwNTIwOTUyMQ@@._V1_SX300.jpg,N/A
56fb997a71a06517682a2cbf,"7,567",movie,True,English,Girls Just Want to Have Fun,,USA,PG,90 min,6.0,N/A,"Sarah Jessica Parker, Biff Yeager, Lee Montgomery, Kristi Somers",tt0089208,Amy Spies,12 Apr 1985,Alan Metter,"Comedy, Music, Romance",http://ia.media-imdb.com/images/M/MV5BMTg1MzIzNDc3Ml5BMl5BanBnXkFtZTgwMDI1MzQxMDE@._V1_SX300.jpg,N/A
56fb997a71a06517682a2cc0,"2,036",movie,True,English,Plenty,,"UK, USA",R,121 min,6.1,N/A,"Meryl Streep, Charles Dance, Tracey Ullman, John Gielgud",tt0089816,"David Hare (play, David Hare (screenplay)",20 Sep 1985,Fred Schepisi,Drama,http://ia.media-imdb.com/images/M/MV5BMTI1ODgzNzk1OF5BMl5BanBnXkFtZTcwMTQwNjgxMQ@@._V1_SX300.jpg,Nominated for 2 BAFTA Film Awards. Another 2 wins & 3 nominations.
56fb997a71a06517682a2cc1,"3,118",movie,True,English,Heaven Help Us,,USA,R,104 min,7.0,N/A,"Donald Sutherland, John Heard, Andrew McCarthy, Mary Stuart Masterson",tt0089264,Charles Purpura,08 Feb 1985,Michael Dinner,"Comedy, Drama, Romance",http://ia.media-imdb.com/images/M/MV5BMjA3MTMzNjU1NF5BMl5BanBnXkFtZTgwMDc2MzkyMTE@._V1_SX300.jpg,N/A
56fb997a71a06517682a2cc2,"2,775",movie,True,English,Gymkata,,"USA, Japan",R,90 min,4.1,N/A,"Kurt Thomas, Tetchie Agbayani, Richard Norton, Edward Bell",tt0089243,"Charles Robert Carner (screenplay, Dan Tyler Moore (novel)",03 May 1985,Robert Clouse,"Action, Drama",http://ia.media-imdb.com/images/M/MV5BNTc2NzAwOTM2MV5BMl5BanBnXkFtZTcwMTA0MjMzMQ@@._V1_SX300.jpg,1 nomination.
56fb997a71a06517682a2cc3,797,movie,True,English,Avenging Angel,,USA,R,93 min,4.7,N/A,"Betsy Russell, Rory Calhoun, Susan Tyrrell, Ossie Davis",tt0088757,"Robert Vincent O'Neill, Joseph Michael Cala",11 Jan 1985,Robert Vincent O'Neill,"Action, Crime, Thriller",http://ia.media-imdb.com/images/M/MV5BMjE5MDQxMzc5MV5BMl5BanBnXkFtZTcwODA5MzEyMQ@@._V1_SX300.jpg,N/A
56fb997a71a06517682a2cc4,"2,477",movie,True,English,Creator,,USA,R,107 min,6.1,N/A,"Peter O'Toole, Mariel Hemingway, Vincent Spano, Virginia Madsen",tt0088960,"Jeremy Leven (novel, Jeremy Leven (screenplay)",20 Sep 1985,Ivan Passer,"Comedy, Romance, Sci-Fi",http://ia.media-imdb.com/images/M/MV5BMTQxMzM5OTA0Ml5BMl5BanBnXkFtZTgwNzQ0MzQxMDE@._V1_SX300.jpg,N/A
56fb997a71a06517682a2cc5,"1,579",movie,True,English,King David,,"UK, USA",PG-13,114 min,5.1,N/A,"Richard Gere, Edward Woodward, Alice Krige, Denis Quilley",tt0089420,"Andrew Birkin, James Costigan (story)",29 Mar 1985,Bruce Beresford,"Adventure, Biography, Drama",http://ia.media-imdb.com/images/M/MV5BMTc1ODk1ODE5Ml5BMl5BanBnXkFtZTcwMzYyNDcxMQ@@._V1_SX300.jpg,1 nomination.
56fb997a71a06517682a2cc6,"48,325",movie,True,English,Day of the Dead,,USA,UNRATED,96 min,7.2,N/A,"Lori Cardille, Terry Alexander, Joseph Pilato, Jarlath Conroy",tt0088993,George A. Romero,19 Jul 1985,George A. Romero,Horror,http://ia.media-imdb.com/images/M/MV5BMjEwNjQ5NDU4OF5BMl5BanBnXkFtZTYwOTI2NzA5._V1_SX300.jpg,2 wins.
56fb997a71a06517682a2cc7,751,movie,True,English,Rainbow Brite and the Star Stealer,,"USA, Japan, France",G,85 min,6.8,N/A,"Bettina Bush, Pat Fraley, Peter Cullen, Robbie Lee",tt0089877,"Jean Chalopin (story, Howard R. Cohen (story, Howard R. Cohen",15 Nov 1985,"Bernard Deyriès, Kimio Yabuki","Animation, Adventure, Family",http://ia.media-imdb.com/images/M/MV5BMTI5NTU1OTY5MV5BMl5BanBnXkFtZTcwNzg3NDYyMQ@@._V1_SX300.jpg,3 wins & 1 nomination.
56fb997a71a06517682a2cc8,"2,721",movie,True,English,The Mean Season,,USA,R,103 min,6.1,N/A,"Kurt Russell, Mariel Hemingway, Richard Jordan, Richard Masur",tt0089572,"John Katzenbach (novel, Leon Piedmont (screenplay)",15 Feb 1985,Phillip Borsos,"Crime, Thriller",http://ia.media-imdb.com/images/M/MV5BMjE3OTg0NjIzM15BMl5BanBnXkFtZTcwOTU3ODE1NA@@._V1_SX300.jpg,1 win.
56fb997a71a06517682a2cc9,730,movie,True,English,That's Dancing!,,USA,G,105 min,7.0,N/A,"Mikhail Baryshnikov, Ray Bolger, Sammy Davis Jr., Gene Kelly",tt0090152,Jack Haley Jr.,18 Jan 1985,Jack Haley Jr.,"Documentary, Musical",http://ia.media-imdb.com/images/M/MV5BMTUxOTYzOTE3Ml5BMl5BanBnXkFtZTcwNDU5Nzc0MQ@@._V1_SX300.jpg,N/A
56fb997a71a06517682a2cca,"3,812",movie,True,English,My Science Project,,USA,PG,94 min,6.0,N/A,"John Stockwell, Danielle von Zerneck, Fisher Stevens, Raphael Sbarge",tt0089652,Jonathan R. Betuel,09 Aug 1985,Jonathan R. Betuel,"Action, Adventure, Comedy",http://ia.media-imdb.com/images/M/MV5BNzI2MzcyNzg3NV5BMl5BanBnXkFtZTcwMjc3NjUyMQ@@._V1_SX300.jpg,N/A
56fb997a71a06517682a2ccb,"2,824",movie,True,English,The Heavenly Kid,,USA,PG-13,90 min,6.2,N/A,"Lewis Smith, Jason Gedrick, Jane Kaczmarek, Richard Mulligan",tt0089265,"Cary Medoway, Martin Copeland",26 Jul 1985,Cary Medoway,"Comedy, Fantasy, Romance",http://ia.media-imdb.com/images/M/MV5BMTg1ODk0NzIwMF5BMl5BanBnXkFtZTcwMzE5MzEzMQ@@._V1_SX300.jpg,1 win.
56fb997a71a06517682a2ccc,"73,979",movie,True,Japanese,Ran,"3,522,421","Japan, France",R,162 min,8.3,90,"Tatsuya Nakadai, Akira Terao, Jinpachi Nezu, Daisuke Ryû",tt0089881,"Akira Kurosawa (screenplay, Hideo Oguni (screenplay, Masato Ide (screenplay, William Shakespeare (play)",01 Jun 1985,Akira Kurosawa,"Action, Drama, War",http://ia.media-imdb.com/images/M/MV5BNTEyNjg0MDM4OF5BMl5BanBnXkFtZTgwODI0NjUxODE@._V1_SX300.jpg,Won 1 Oscar. Another 25 wins & 22 nominations.
56fb997a71a06517682a2ccd,"3,041",movie,True,English,Turk 182!,"1,900,000",USA,PG-13,102 min,5.9,N/A,"Timothy Hutton, Robert Urich, Kim Cattrall, Robert Culp",tt0090217,"James Gregory Kingston (story, James Gregory Kingston (screenplay, Denis Hamill (screenplay, John Hamill (screenplay)",15 Feb 1985,Bob Clark,"Action, Comedy, Drama",http://ia.media-imdb.com/images/M/MV5BMTQ2OTk1ODA1MV5BMl5BanBnXkFtZTcwNjYwNjgyMQ@@._V1_SX300.jpg,2 nominations.
56fb997a71a06517682a2cce,"2,214",movie,True,English,The Bride,"3,600,000","UK, USA",PG-13,118 min,5.3,N/A,"Sting, Jennifer Beals, Anthony Higgins, Clancy Brown",tt0088851,Lloyd Fonvielle (screenplay),16 Aug 1985,Franc Roddam,"Fantasy, Horror, Romance",http://ia.media-imdb.com/images/M/MV5BMjEyMTMwMzU2MF5BMl5BanBnXkFtZTcwNzI5MDYyMQ@@._V1_SX300.jpg,3 nominations.
56fb997a71a06517682a2ccf,"1,358",movie,True,English,Starchaser: The Legend of Orin,,"South Korea, USA",PG,107 min,6.8,N/A,"Joe Colligan, Carmen Argenziano, Noelle North, Anthony De Longis",tt0090065,Jeffrey Scott,22 Nov 1985,Steven Hahn,"Adventure, Animation, Sci-Fi",http://ia.media-imdb.com/images/M/MV5BMTc4MzYwNTQ4NV5BMl5BanBnXkFtZTcwMzU0ODYzMQ@@._V1_SX300.jpg,N/A
56fb997a71a06517682a2cd0,"1,611",movie,True,English,Fraternity Vacation,,USA,R,94 min,4.9,N/A,"Stephen Geoffreys, Sheree J. Wilson, Cameron Dye, Leigh McCloskey",tt0089167,Lindsay Harrison,12 Apr 1985,James Frawley,Comedy,http://ia.media-imdb.com/images/M/MV5BMTc5MjkzMjMyN15BMl5BanBnXkFtZTcwMjg5MTUyMQ@@._V1_SX300.jpg,N/A
56fb997a71a06517682a2cd1,"6,317",movie,True,English,The Legend of Billie Jean,,USA,R,96 min,6.5,N/A,"Helen Slater, Keith Gordon, Christian Slater, Richard Bradford",tt0089470,"Mark Rosenthal, Lawrence Konner",19 Jul 1985,Matthew Robbins,"Action, Drama",http://ia.media-imdb.com/images/M/MV5BMTY4MzQzNzQ4M15BMl5BanBnXkFtZTcwNDkwNDk3OA@@._V1_SX300.jpg,N/A
56fb997a71a06517682a2cd2,295,movie,True,English,Rappin',,USA,PG,92 min,3.4,N/A,"Mario Van Peebles, Eriq La Salle, Melvin Plowden, Richie Abanes",tt0089883,"Adam Friedman, Robert Jay Litz",10 May 1985,Joel Silberg,"Drama, Music, Musical",http://ia.media-imdb.com/images/M/MV5BMTIxMjIxNTA5MF5BMl5BanBnXkFtZTcwNjMxNTAzMQ@@._V1_SX300.jpg,N/A
56fb997a71a06517682a2cd3,472,movie,True,English,Fast Forward,,USA,PG,110 min,5.6,N/A,"John Scott Clough, Don Franklin, Tamara Mark, Tracy Silver",tt0089129,"Richard Wesley (screenplay, Timothy March (story)",15 Feb 1985,Sidney Poitier,"Drama, Musical",http://ia.media-imdb.com/images/M/MV5BMTk2MTA5Njc3Ml5BMl5BanBnXkFtZTcwOTQzNzAwMQ@@._V1_SX300.jpg,1 nomination.
56fb997a71a06517682a2cd4,345,movie,True,English,Hot Moves,,USA,R,85 min,5.0,N/A,"Michael Zorek, Adam Silbar, Jeff Fishman, Johnny Timko",tt0089304,"Larry Anderson, Peter Foldy",17 May 1985,Jim Sotos,Comedy,http://ia.media-imdb.com/images/M/MV5BMjIzNzA5NDgxOF5BMl5BanBnXkFtZTcwNzk2NDM3Mg@@._V1_SX300.jpg,N/A
56fb997a71a06517682a2cd5,966,movie,True,English,Bad Medicine,,USA,PG-13,98 min,4.4,N/A,"Steve Guttenberg, Alan Arkin, Julie Hagerty, Bill Macy",tt0088765,"Steven Horowitz (novel, Neil Offen (novel, Harvey Miller",22 Nov 1985,Harvey Miller,Comedy,http://ia.media-imdb.com/images/M/MV5BMTI3NjMwMzc3MF5BMl5BanBnXkFtZTcwMTU5NjAyMQ@@._V1_SX300.jpg,N/A
56fb997a71a06517682a2cd6,811,movie,True,English,Maxie,,USA,PG,98 min,5.4,N/A,"Glenn Close, Mandy Patinkin, Ruth Gordon, Barnard Hughes",tt0089569,"Jack Finney (novel, Patricia Resnick",27 Sep 1985,Paul Aaron,Comedy,http://ia.media-imdb.com/images/M/MV5BMTc1NTk5NDkyNl5BMl5BanBnXkFtZTcwMjE4NTEyMQ@@._V1_SX300.jpg,Nominated for 1 Golden Globe. Another 1 win & 3 nominations.
56fb997a71a06517682a2cd7,556,movie,True,English,Marie,,USA,PG-13,112 min,6.7,N/A,"Sissy Spacek, Jeff Daniels, Keith Szarabajka, Morgan Freeman",tt0089555,"Peter Maas (book, John Briley (screenplay)",27 Sep 1985,Roger Donaldson,Drama,http://ia.media-imdb.com/images/M/MV5BMTI1NjU5NDU3OF5BMl5BanBnXkFtZTcwMTAxNjUyMQ@@._V1_SX300.jpg,N/A
56fb997a71a06517682a2cd8,"1,871",movie,True,English,Dance with a Stranger,"138,359",UK,R,96 min,6.9,N/A,"Miranda Richardson, Rupert Everett, Ian Holm, Matthew Carroll",tt0088987,Shelagh Delaney,09 Aug 1985,Mike Newell,"Biography, Crime, Drama",http://ia.media-imdb.com/images/M/MV5BMzIyNjIzOTE5N15BMl5BanBnXkFtZTgwODIxOTc0MTE@._V1_SX300.jpg,3 wins & 3 nominations.
56fb997a71a06517682a2cd9,"19,726",movie,True,English,The Quiet Earth,"1,595,097",New Zealand,R,91 min,6.9,N/A,"Bruno Lawrence, Alison Routledge, Pete Smith, Anzac Wallace",tt0089869,"Craig Harrison (novel, Bill Baer, Bruno Lawrence, Sam Pillsbury",18 Oct 1985,Geoff Murphy,"Drama, Mystery, Sci-Fi",http://ia.media-imdb.com/images/M/MV5BMTk2MjM1NjgzNl5BMl5BanBnXkFtZTcwMTc5ODIzMQ@@._V1_SX300.jpg,10 wins.
56fb997a71a06517682a2cda,"38,185",movie,True,"English, German",Re-Animator,,USA,UNRATED,104 min,7.3,N/A,"Jeffrey Combs, Bruce Abbott, Barbara Crampton, David Gale",tt0089885,"H.P. Lovecraft (story, Dennis Paoli (screenplay, William Norris (screenplay, Stuart Gordon (screenplay)",18 Oct 1985,Stuart Gordon,"Comedy, Horror, Sci-Fi",http://ia.media-imdb.com/images/M/MV5BODI0NTQ1ODUwMV5BMl5BanBnXkFtZTgwNzU0ODgwNzE@._V1_SX300.jpg,4 wins & 2 nominations.
56fb997a71a06517682a2cdb,"1,415",movie,True,English,Warning Sign,,USA,R,99 min,6.1,N/A,"Sam Waterston, Kathleen Quinlan, Yaphet Kotto, Jeffrey DeMunn",tt0090293,"Hal Barwood, Matthew Robbins",23 Aug 1985,Hal Barwood,"Drama, Sci-Fi, Thriller",http://ia.media-imdb.com/images/M/MV5BMjA5OTQyMDU4M15BMl5BanBnXkFtZTcwMzkxODIzMQ@@._V1_SX300.jpg,N/A
56fb997a71a06517682a2cdc,429,movie,True,English,Bring on the Night,,USA,PG-13,97 min,7.4,N/A,"Miles A. Copeland III, Gil Friesen, Vic Garbarini, Omar Hakim",tt0088855,Michael Apted,08 Nov 1985,Michael Apted,"Documentary, Music",http://ia.media-imdb.com/images/M/MV5BMTI2OTc4ODEzMV5BMl5BanBnXkFtZTcwNTM4NTgyMQ@@._V1_SX300.jpg,1 win.
56fb997a71a06517682a2cdd,822,movie,True,English,The Slugger's Wife,,USA,PG-13,105 min,4.3,N/A,"Michael O'Keefe, Rebecca De Mornay, Martin Ritt, Randy Quaid",tt0090036,Neil Simon,29 Mar 1985,Hal Ashby,"Comedy, Music, Romance",http://ia.media-imdb.com/images/M/MV5BMTM3MzI1OTcxNl5BMl5BanBnXkFtZTcwODQ4MTUyMQ@@._V1_SX300.jpg,1 nomination.
56fb997a71a06517682a2cde,"4,488",movie,True,English,American Flyers,"1,400,000",USA,PG-13,113 min,6.3,N/A,"Kevin Costner, David Marshall Grant, Rae Dawn Chong, Alexandra Paul",tt0088707,Steve Tesich,16 Aug 1985,John Badham,"Drama, Sport",http://ia.media-imdb.com/images/M/MV5BMTU4MDU2OTk0MF5BMl5BanBnXkFtZTcwODQ0NzgxMQ@@._V1_SX300.jpg,N/A
56fb997a71a06517682a2cdf,249,movie,True,English,Certain Fury,,USA,R,87 min,5.0,N/A,"Tatum O'Neal, Irene Cara, Nicholas Campbell, George Murdock",tt0088895,Michael Jacobs (screenplay),01 Mar 1985,Stephen Gyllenhaal,"Action, Drama",http://ia.media-imdb.com/images/M/MV5BMTkxODg2NDY5Nl5BMl5BanBnXkFtZTcwMTU3MTAzMQ@@._V1_SX300.jpg,N/A
56fb997a71a06517682a2ce0,"1,056",movie,True,English,Wetherby,,UK,R,102 min,7.2,N/A,"Vanessa Redgrave, Ian Holm, Judi Dench, Marjorie Yates",tt0090310,David Hare,19 Jul 1985,David Hare,"Drama, Mystery",http://ia.media-imdb.com/images/M/MV5BMTIxMjYwOTc2MF5BMl5BanBnXkFtZTcwMDk0MTcyMQ@@._V1_SX300.jpg,Nominated for 1 BAFTA Film Award. Another 5 wins & 1 nomination.
56fb997a71a06517682a2ce1,"1,148",movie,True,English,Dreamchild,,UK,PG,94 min,7.1,N/A,"Coral Browne, Ian Holm, Peter Gallagher, Caris Corfman",tt0089052,Dennis Potter,04 Oct 1985,Gavin Millar,"Biography, Comedy, Drama",http://ia.media-imdb.com/images/M/MV5BMjE0MDI2ODcwM15BMl5BanBnXkFtZTcwNTczMDAyMw@@._V1_SX300.jpg,Nominated for 2 BAFTA Film Awards. Another 6 wins & 5 nominations.
56fb997a71a06517682a2ce2,"1,299",movie,True,English,Def-Con 4,,Canada,R,88 min,4.3,N/A,"Lenore Zann, Maury Chaykin, Kate Lynch, Kevin King",tt0087130,Paul Donovan,15 Mar 1985,"Paul Donovan, Digby Cook, Tony Randel","Action, Sci-Fi",http://ia.media-imdb.com/images/M/MV5BMTg1MzA0NTM1Ml5BMl5BanBnXkFtZTcwMDQ5NDUyMQ@@._V1_SX300.jpg,N/A
56fb997a71a06517682a2ce3,"1,664",movie,True,English,Fool for Love,"468,106",USA,R,106 min,6.1,N/A,"Sam Shepard, Kim Basinger, Harry Dean Stanton, Randy Quaid",tt0089160,"Sam Shepard (play, Sam Shepard (screenplay)",14 May 1986,Robert Altman,Drama,http://ia.media-imdb.com/images/M/MV5BMTIzMDgyODIxMl5BMl5BanBnXkFtZTcwNjk1NTYyMQ@@._V1_SX300.jpg,1 win & 1 nomination.
56fb997a71a06517682a2ce4,"2,306",movie,True,English,Lust in the Dust,,USA,R,84 min,6.3,N/A,"Tab Hunter, Divine, Lainie Kazan, Geoffrey Lewis",tt0089523,Philip John Taylor,01 Mar 1985,Paul Bartel,"Comedy, Western",http://ia.media-imdb.com/images/M/MV5BMTk2MzE1NTgwNl5BMl5BanBnXkFtZTcwNjAzNzYxMQ@@._V1_SX300.jpg,1 nomination.
56fb997a71a06517682a2ce5,714,movie,True,English,Code Name: Emerald,,USA,PG,95 min,6.0,N/A,"Ed Harris, Max von Sydow, Horst Buchholz, Helmut Berger",tt0088934,"Ronald Bass (novel, Ronald Bass (screenplay)",27 Sep 1985,Jonathan Sanger,"Action, Drama, War",N/A,N/A
56fb997a71a06517682a2ce6,455,movie,True,English,Joshua Then and Now,,Canada,R,119 min,6.7,N/A,"James Woods, Gabrielle Lazure, Alan Arkin, Michael Sarrazin",tt0089383,"Mordecai Richler (novel, Mordecai Richler (screenplay)",20 Sep 1985,Ted Kotcheff,"Comedy, Drama",http://ia.media-imdb.com/images/M/MV5BMTU5Mzg3Nzc3NV5BMl5BanBnXkFtZTcwODU5OTY1NQ@@._V1_SX300.jpg,5 wins & 8 nominations.
56fb997a71a06517682a2ce7,"1,356",movie,True,English,Morons from Outer Space,,UK,PG-13,90 min,4.5,N/A,"Joanne Pearce, Jimmy Nail, Paul Bown, James Sikking",tt0089622,"Griff Rhys Jones, Mel Smith",20 Sep 1985,Mike Hodges,"Comedy, Sci-Fi",http://ia.media-imdb.com/images/M/MV5BMTA4MjY3NTQ3MzleQTJeQWpwZ15BbWU3MDY2NjYxNjQ@._V1_SX300.jpg,1 nomination.
56fb997a71a06517682a2ce8,"5,081",movie,True,"Japanese, English",Mishima: A Life in Four Chapters,"450,000","USA, Japan",R,121 min,7.9,N/A,"Ken Ogata, Masayuki Shionoya, Hiroshi Mikami, Junya Fukuda",tt0089603,"Paul Schrader, Leonard Schrader",20 Sep 1985,Paul Schrader,"Biography, Drama",http://ia.media-imdb.com/images/M/MV5BMTAyMzM5MjAzODFeQTJeQWpwZ15BbWU3MDU3NzYwNzE@._V1_SX300.jpg,1 win & 1 nomination.
56fb997a71a06517682a2ce9,"1,889",movie,True,"English, German, Serbian",The Holcroft Covenant,,UK,R,112 min,5.8,N/A,"Michael Caine, Anthony Andrews, Victoria Tennant, Lilli Palmer",tt0089283,"Robert Ludlum (novel, George Axelrod (screenplay, Edward Anhalt (screenplay, John Hopkins (screenplay)",18 Oct 1985,John Frankenheimer,"Action, Crime, Drama",http://ia.media-imdb.com/images/M/MV5BMjEzODE4NTQzOV5BMl5BanBnXkFtZTYwMTA5OTA5._V1_SX300.jpg,1 nomination.
56fb997a71a06517682a2cea,"10,724",movie,True,French,Subway,,France,R,104 min,6.5,N/A,"Isabelle Adjani, Christopher Lambert, Richard Bohringer, Michel Galabru",tt0090095,"Luc Besson (dialogue, Luc Besson (scenario, Pierre Jolivet (scenario, Alain Le Henry (scenario, Marc Perrier (dialogue, Marc Perrier (scenario, Sophie Schmit (scenario)",06 Nov 1985,Luc Besson,"Comedy, Drama, Thriller",http://ia.media-imdb.com/images/M/MV5BMTk5MzUwNTk1NV5BMl5BanBnXkFtZTcwODgwMDAzMQ@@._V1_SX300.jpg,Nominated for 1 BAFTA Film Award. Another 3 wins & 11 nominations.
56fb997a71a06517682a2ceb,290,movie,True,English,Sylvester,,USA,PG,104 min,6.5,N/A,"Richard Farnsworth, Melissa Gilbert, Michael Schoeffling, Constance Towers",tt0090112,Carol Sobieski,15 Mar 1985,Tim Hunter,"Drama, Family",http://ia.media-imdb.com/images/M/MV5BMTQzNTgwNjEzNF5BMl5BanBnXkFtZTcwNDk3MTUyMQ@@._V1_SX300.jpg,1 nomination.
56fb997a71a06517682a2cec,"4,926",movie,True,English,Revolution,"184,570","UK, Norway",PG-13,126 min,5.2,N/A,"Al Pacino, Donald Sutherland, Nastassja Kinski, Joan Plowright",tt0089913,Robert Dillon,25 Dec 1985,Hugh Hudson,"Adventure, Drama, History",http://ia.media-imdb.com/images/M/MV5BMTg2NDEyMzk2OF5BMl5BanBnXkFtZTcwNTY2MTYyMQ@@._V1_SX300.jpg,1 win & 4 nominations.
56fb997a71a06517682a2ced,"5,663",movie,True,English,Private Resort,,USA,R,82 min,5.2,N/A,"Rob Morrow, Johnny Depp, Emily Longstreth, Karyn O'Bryan",tt0089839,"Gordon Mitchell (screenplay, Ken Segall (story, Alan Wenkus (story, Gordon Mitchell (story)",03 May 1985,George Bowers,Comedy,http://ia.media-imdb.com/images/M/MV5BMTk0MDk4NzQxOF5BMl5BanBnXkFtZTcwMjIzODEyMQ@@._V1_SX300.jpg,N/A
56fb997a71a06517682a2cee,972,movie,True,English,Eleni,,USA,PG,114 min,6.8,N/A,"Kate Nelligan, John Malkovich, Linda Hunt, Oliver Cotton",tt0089079,"Nicholas Gage (book, Steve Tesich (screenplay)",21 Dec 1985,Peter Yates,"Drama, War",http://ia.media-imdb.com/images/M/MV5BMTQ2MzcyNzcyOV5BMl5BanBnXkFtZTYwMzA3Mjg5._V1_SX300.jpg,N/A
56fb997a71a06517682a2cef,"1,549",movie,True,English,The New Kids,,USA,R,110 min,5.9,N/A,"Shannon Presby, Lori Loughlin, James Spader, John Philbin",tt0089679,"Stephen Gyllenhaal (screenplay, Stephen Gyllenhaal (story, Brian Taggert (story)",18 Jan 1985,Sean S. Cunningham,"Drama, Horror, Thriller",http://ia.media-imdb.com/images/M/MV5BMTcxMjA0MDgyNF5BMl5BanBnXkFtZTcwMjI1ODAzMQ@@._V1_SX300.jpg,N/A
56fb997a71a06517682a2cf0,707,movie,True,English,The Doctor and the Devils,,"UK, USA",R,93 min,6.3,N/A,"Timothy Dalton, Jonathan Pryce, Twiggy, Julian Sands",tt0089034,"Dylan Thomas (earlier screenplay, Ronald Harwood",04 Oct 1985,Freddie Francis,"Horror, Drama",http://ia.media-imdb.com/images/M/MV5BMTUyMzQzMzA0Ml5BMl5BanBnXkFtZTcwODA1NjAzMQ@@._V1_SX300.jpg,N/A
56fb997a71a06517682a2cf1,162,movie,True,English,Almost You,,USA,R,96 min,4.9,N/A,"Brooke Adams, Griffin Dunne, Karen Young, Marty Watt",tt0086876,"Adam Brooks (story, Mark Horowitz",29 Mar 1985,Adam Brooks,"Comedy, Drama",http://ia.media-imdb.com/images/M/MV5BMjEwMDgzNjM2MV5BMl5BanBnXkFtZTcwNTc0MjEzMQ@@._V1_SX300.jpg,1 win & 1 nomination.
56fb997a71a06517682a2cf2,"6,070",movie,True,English,Fandango,"85,000",USA,PG,91 min,6.7,N/A,"Kevin Costner, Judd Nelson, Sam Robards, Chuck Bush",tt0089126,Kevin Reynolds,25 Jan 1985,Kevin Reynolds,"Comedy, Drama",http://ia.media-imdb.com/images/M/MV5BMTUwNTA1MzUxOV5BMl5BanBnXkFtZTcwNDY0NDcyMQ@@._V1_SX300.jpg,N/A
56fb997a71a06517682a2cf3,827,movie,True,English,Wild Geese II,,"UK, Australia",R,125 min,4.7,N/A,"Scott Glenn, Barbara Carrera, Edward Fox, Laurence Olivier",tt0090323,"Daniel Carney (novel, Reginald Rose (screenplay)",18 Oct 1985,Peter R. Hunt,"Adventure, Thriller, Action",http://ia.media-imdb.com/images/M/MV5BMTM5MDM4MTIxNF5BMl5BanBnXkFtZTcwNzQ1Nzg0NQ@@._V1_SX300.jpg,N/A
56fb997a71a06517682a2cf4,"5,058",movie,True,"Spanish, English",The Official Story,,Argentina,R,112 min,7.8,N/A,"Héctor Alterio, Norma Aleandro, Chunchuna Villafañe, Hugo Arana",tt0089276,"Aída Bortnik, Luis Puenzo",08 Nov 1985,Luis Puenzo,"Drama, History, War",http://ia.media-imdb.com/images/M/MV5BMTMyNTc1MjIwNF5BMl5BanBnXkFtZTcwOTcyMTcyMQ@@._V1_SX300.jpg,Won 1 Oscar. Another 23 wins & 9 nominations.
56fb997a71a06517682a2cf5,"1,141",movie,True,"English, Korean, Spanish, Japanese, Latin",Trouble in Mind,,USA,R,111 min,6.7,N/A,"Kris Kristofferson, Keith Carradine, Lori Singer, Geneviève Bujold",tt0090209,Alan Rudolph,01 Mar 1986,Alan Rudolph,"Comedy, Crime, Drama",http://ia.media-imdb.com/images/M/MV5BMTA4MTQ3MTQ0MzJeQTJeQWpwZ15BbWU2MDkwNzI4OQ@@._V1_SX300.jpg,2 wins & 3 nominations.
56fb997a71a06517682a2cf6,"1,122",movie,True,English,Smooth Talk,,"UK, USA",PG-13,92 min,6.3,N/A,"Treat Williams, Laura Dern, Mary Kay Place, Margaret Welsh",tt0090037,"Joyce Carol Oates (story, Tom Cole (screenplay)",17 Nov 1985,Joyce Chopra,"Drama, Romance, Thriller",http://ia.media-imdb.com/images/M/MV5BMTQwNDI2ODc2NV5BMl5BanBnXkFtZTcwMjM0MTcyMQ@@._V1_SX300.jpg,2 wins & 5 nominations.
56fb997a71a06517682a2cf7,"6,403",movie,True,"Bosnian, Hungarian",When Father Was Away on Business,,Yugoslavia,R,136 min,7.9,N/A,"Moreno D'E Bartolli, Predrag Manojlovic, Mirjana Karanovic, Mustafa Nadarevic",tt0089748,Abdulah Sidran,11 Oct 1985,Emir Kusturica,Drama,http://ia.media-imdb.com/images/M/MV5BMTU5Nzk3NDEzMl5BMl5BanBnXkFtZTcwMTQzMDgyMQ@@._V1_SX300.jpg,Nominated for 1 Oscar. Another 3 wins & 3 nominations.
56fb997a71a06517682a2cf8,"1,967",movie,True,German,Colonel Redl,,"Yugoslavia, Hungary, Austria, West Germany",R,144 min,7.7,N/A,"Klaus Maria Brandauer, Hans Christian Blech, Armin Mueller-Stahl, Gudrun Landgrebe",tt0089716,"István Szabó (screenplay, Péter Dobai (screenplay, John Osborne (inspired by)",04 Oct 1985,István Szabó,"Biography, Drama, History",http://ia.media-imdb.com/images/M/MV5BMTI5NTk3MjgxNF5BMl5BanBnXkFtZTcwMzAzMzMzMQ@@._V1_SX300.jpg,Nominated for 1 Oscar. Another 5 wins & 2 nominations.
